Country Name,Country Code,Series Name,Series Code,2016 [YR2016]
Aruba,ABW,Agricultural land (sq. km),AG.LND.AGRI.K2,..
Aruba,ABW,"Central government debt, total (% of GDP)",GC.DOD.TOTL.GD.ZS,..
Aruba,ABW,Interest payments (% of revenue),GC.XPN.INTP.RV.ZS,..
Aruba,ABW,Tax revenue (% of GDP),GC.TAX.TOTL.GD.ZS,..
Aruba,ABW,"Unemployment, total (% of total labor force) (modeled ILO estimate)",SL.UEM.TOTL.ZS,..
Aruba,ABW,Net migration,SM.POP.NETM,..
Afghanistan,AFG,Agricultural land (sq. km),AG.LND.AGRI.K2,..
Afghanistan,AFG,"Central government debt, total (% of GDP)",GC.DOD.TOTL.GD.ZS,..
Afghanistan,AFG,Interest payments (% of revenue),GC.XPN.INTP.RV.ZS,..
Afghanistan,AFG,Tax revenue (% of GDP),GC.TAX.TOTL.GD.ZS,..
Afghanistan,AFG,"Unemployment, total (% of total labor force) (modeled ILO estimate)",SL.UEM.TOTL.ZS,8.53999996185303
Afghanistan,AFG,Net migration,SM.POP.NETM,..
Angola,AGO,Agricultural land (sq. km),AG.LND.AGRI.K2,..
Angola,AGO,"Central government debt, total (% of GDP)",GC.DOD.TOTL.GD.ZS,..
Angola,AGO,Interest payments (% of revenue),GC.XPN.INTP.RV.ZS,..
Angola,AGO,Tax revenue (% of GDP),GC.TAX.TOTL.GD.ZS,..
Angola,AGO,"Unemployment, total (% of total labor force) (modeled ILO estimate)",SL.UEM.TOTL.ZS,6.5789999961853
Angola,AGO,Net migration,SM.POP.NETM,..
Albania,ALB,Agricultural land (sq. km),AG.LND.AGRI.K2,..
Albania,ALB,"Central government debt, total (% of GDP)",GC.DOD.TOTL.GD.ZS,..
Albania,ALB,Interest payments (% of revenue),GC.XPN.INTP.RV.ZS,..
Albania,ALB,Tax revenue (% of GDP),GC.TAX.TOTL.GD.ZS,..
Albania,ALB,"Unemployment, total (% of total labor force) (modeled ILO estimate)",SL.UEM.TOTL.ZS,16.3330001831055
Albania,ALB,Net migration,SM.POP.NETM,..
Andorra,AND,Agricultural land (sq. km),AG.LND.AGRI.K2,..
Andorra,AND,"Central government debt, total (% of GDP)",GC.DOD.TOTL.GD.ZS,..
Andorra,AND,Interest payments (% of revenue),GC.XPN.INTP.RV.ZS,..
Andorra,AND,Tax revenue (% of GDP),GC.TAX.TOTL.GD.ZS,..
Andorra,AND,"Unemployment, total (% of total labor force) (modeled ILO estimate)",SL.UEM.TOTL.ZS,..
Andorra,AND,Net migration,SM.POP.NETM,..
United Arab Emirates,ARE,Agricultural land (sq. km),AG.LND.AGRI.K2,..
United Arab Emirates,ARE,"Central government debt, total (% of GDP)",GC.DOD.TOTL.GD.ZS,..
United Arab Emirates,ARE,Interest payments (% of revenue),GC.XPN.INTP.RV.ZS,..
United Arab Emirates,ARE,Tax revenue (% of GDP),GC.TAX.TOTL.GD.ZS,..
United Arab Emirates,ARE,"Unemployment, total (% of total labor force) (modeled ILO estimate)",SL.UEM.TOTL.ZS,3.69099998474121
United Arab Emirates,ARE,Net migration,SM.POP.NETM,..
Argentina,ARG,Agricultural land (sq. km),AG.LND.AGRI.K2,..
Argentina,ARG,"Central government debt, total (% of GDP)",GC.DOD.TOTL.GD.ZS,..
Argentina,ARG,Interest payments (% of revenue),GC.XPN.INTP.RV.ZS,..
Argentina,ARG,Tax revenue (% of GDP),GC.TAX.TOTL.GD.ZS,..
Argentina,ARG,"Unemployment, total (% of total labor force) (modeled ILO estimate)",SL.UEM.TOTL.ZS,6.55700016021729
Argentina,ARG,Net migration,SM.POP.NETM,..
Armenia,ARM,Agricultural land (sq. km),AG.LND.AGRI.K2,..
Armenia,ARM,"Central government debt, total (% of GDP)",GC.DOD.TOTL.GD.ZS,..
Armenia,ARM,Interest payments (% of revenue),GC.XPN.INTP.RV.ZS,..
Armenia,ARM,Tax revenue (% of GDP),GC.TAX.TOTL.GD.ZS,..
Armenia,ARM,"Unemployment, total (% of total labor force) (modeled ILO estimate)",SL.UEM.TOTL.ZS,16.7590007781982
Armenia,ARM,Net migration,SM.POP.NETM,..
American Samoa,ASM,Agricultural land (sq. km),AG.LND.AGRI.K2,..
American Samoa,ASM,"Central government debt, total (% of GDP)",GC.DOD.TOTL.GD.ZS,..
American Samoa,ASM,Interest payments (% of revenue),GC.XPN.INTP.RV.ZS,..
American Samoa,ASM,Tax revenue (% of GDP),GC.TAX.TOTL.GD.ZS,..
American Samoa,ASM,"Unemployment, total (% of total labor force) (modeled ILO estimate)",SL.UEM.TOTL.ZS,..
American Samoa,ASM,Net migration,SM.POP.NETM,..
Antigua and Barbuda,ATG,Agricultural land (sq. km),AG.LND.AGRI.K2,..
Antigua and Barbuda,ATG,"Central government debt, total (% of GDP)",GC.DOD.TOTL.GD.ZS,..
Antigua and Barbuda,ATG,Interest payments (% of revenue),GC.XPN.INTP.RV.ZS,..
Antigua and Barbuda,ATG,Tax revenue (% of GDP),GC.TAX.TOTL.GD.ZS,..
Antigua and Barbuda,ATG,"Unemployment, total (% of total labor force) (modeled ILO estimate)",SL.UEM.TOTL.ZS,..
Antigua and Barbuda,ATG,Net migration,SM.POP.NETM,..
Australia,AUS,Agricultural land (sq. km),AG.LND.AGRI.K2,..
Australia,AUS,"Central government debt, total (% of GDP)",GC.DOD.TOTL.GD.ZS,..
Australia,AUS,Interest payments (% of revenue),GC.XPN.INTP.RV.ZS,..
Australia,AUS,Tax revenue (% of GDP),GC.TAX.TOTL.GD.ZS,..
Australia,AUS,"Unemployment, total (% of total labor force) (modeled ILO estimate)",SL.UEM.TOTL.ZS,5.73799991607666
Australia,AUS,Net migration,SM.POP.NETM,..
Austria,AUT,Agricultural land (sq. km),AG.LND.AGRI.K2,..
Austria,AUT,"Central government debt, total (% of GDP)",GC.DOD.TOTL.GD.ZS,..
Austria,AUT,Interest payments (% of revenue),GC.XPN.INTP.RV.ZS,..
Austria,AUT,Tax revenue (% of GDP),GC.TAX.TOTL.GD.ZS,..
Austria,AUT,"Unemployment, total (% of total labor force) (modeled ILO estimate)",SL.UEM.TOTL.ZS,6.10900020599365
Austria,AUT,Net migration,SM.POP.NETM,..
Azerbaijan,AZE,Agricultural land (sq. km),AG.LND.AGRI.K2,..
Azerbaijan,AZE,"Central government debt, total (% of GDP)",GC.DOD.TOTL.GD.ZS,..
Azerbaijan,AZE,Interest payments (% of revenue),GC.XPN.INTP.RV.ZS,..
Azerbaijan,AZE,Tax revenue (% of GDP),GC.TAX.TOTL.GD.ZS,..
Azerbaijan,AZE,"Unemployment, total (% of total labor force) (modeled ILO estimate)",SL.UEM.TOTL.ZS,5.07299995422363
Azerbaijan,AZE,Net migration,SM.POP.NETM,..
Burundi,BDI,Agricultural land (sq. km),AG.LND.AGRI.K2,..
Burundi,BDI,"Central government debt, total (% of GDP)",GC.DOD.TOTL.GD.ZS,..
Burundi,BDI,Interest payments (% of revenue),GC.XPN.INTP.RV.ZS,..
Burundi,BDI,Tax revenue (% of GDP),GC.TAX.TOTL.GD.ZS,..
Burundi,BDI,"Unemployment, total (% of total labor force) (modeled ILO estimate)",SL.UEM.TOTL.ZS,1.59899997711182
Burundi,BDI,Net migration,SM.POP.NETM,..
Belgium,BEL,Agricultural land (sq. km),AG.LND.AGRI.K2,..
Belgium,BEL,"Central government debt, total (% of GDP)",GC.DOD.TOTL.GD.ZS,..
Belgium,BEL,Interest payments (% of revenue),GC.XPN.INTP.RV.ZS,..
Belgium,BEL,Tax revenue (% of GDP),GC.TAX.TOTL.GD.ZS,..
Belgium,BEL,"Unemployment, total (% of total labor force) (modeled ILO estimate)",SL.UEM.TOTL.ZS,8.25599956512451
Belgium,BEL,Net migration,SM.POP.NETM,..
Benin,BEN,Agricultural land (sq. km),AG.LND.AGRI.K2,..
Benin,BEN,"Central government debt, total (% of GDP)",GC.DOD.TOTL.GD.ZS,..
Benin,BEN,Interest payments (% of revenue),GC.XPN.INTP.RV.ZS,..
Benin,BEN,Tax revenue (% of GDP),GC.TAX.TOTL.GD.ZS,..
Benin,BEN,"Unemployment, total (% of total labor force) (modeled ILO estimate)",SL.UEM.TOTL.ZS,1.00499999523163
Benin,BEN,Net migration,SM.POP.NETM,..
Burkina Faso,BFA,Agricultural land (sq. km),AG.LND.AGRI.K2,..
Burkina Faso,BFA,"Central government debt, total (% of GDP)",GC.DOD.TOTL.GD.ZS,..
Burkina Faso,BFA,Interest payments (% of revenue),GC.XPN.INTP.RV.ZS,..
Burkina Faso,BFA,Tax revenue (% of GDP),GC.TAX.TOTL.GD.ZS,..
Burkina Faso,BFA,"Unemployment, total (% of total labor force) (modeled ILO estimate)",SL.UEM.TOTL.ZS,2.98499989509583
Burkina Faso,BFA,Net migration,SM.POP.NETM,..
Bangladesh,BGD,Agricultural land (sq. km),AG.LND.AGRI.K2,..
Bangladesh,BGD,"Central government debt, total (% of GDP)",GC.DOD.TOTL.GD.ZS,..
Bangladesh,BGD,Interest payments (% of revenue),GC.XPN.INTP.RV.ZS,..
Bangladesh,BGD,Tax revenue (% of GDP),GC.TAX.TOTL.GD.ZS,..
Bangladesh,BGD,"Unemployment, total (% of total labor force) (modeled ILO estimate)",SL.UEM.TOTL.ZS,4.06599998474121
Bangladesh,BGD,Net migration,SM.POP.NETM,..
Bulgaria,BGR,Agricultural land (sq. km),AG.LND.AGRI.K2,..
Bulgaria,BGR,"Central government debt, total (% of GDP)",GC.DOD.TOTL.GD.ZS,..
Bulgaria,BGR,Interest payments (% of revenue),GC.XPN.INTP.RV.ZS,..
Bulgaria,BGR,Tax revenue (% of GDP),GC.TAX.TOTL.GD.ZS,..
Bulgaria,BGR,"Unemployment, total (% of total labor force) (modeled ILO estimate)",SL.UEM.TOTL.ZS,8.00100040435791
Bulgaria,BGR,Net migration,SM.POP.NETM,..
Bahrain,BHR,Agricultural land (sq. km),AG.LND.AGRI.K2,..
Bahrain,BHR,"Central government debt, total (% of GDP)",GC.DOD.TOTL.GD.ZS,..
Bahrain,BHR,Interest payments (% of revenue),GC.XPN.INTP.RV.ZS,..
Bahrain,BHR,Tax revenue (% of GDP),GC.TAX.TOTL.GD.ZS,..
Bahrain,BHR,"Unemployment, total (% of total labor force) (modeled ILO estimate)",SL.UEM.TOTL.ZS,1.28100001811981
Bahrain,BHR,Net migration,SM.POP.NETM,..
"Bahamas, The",BHS,Agricultural land (sq. km),AG.LND.AGRI.K2,..
"Bahamas, The",BHS,"Central government debt, total (% of GDP)",GC.DOD.TOTL.GD.ZS,..
"Bahamas, The",BHS,Interest payments (% of revenue),GC.XPN.INTP.RV.ZS,..
"Bahamas, The",BHS,Tax revenue (% of GDP),GC.TAX.TOTL.GD.ZS,..
"Bahamas, The",BHS,"Unemployment, total (% of total labor force) (modeled ILO estimate)",SL.UEM.TOTL.ZS,15.3129997253418
"Bahamas, The",BHS,Net migration,SM.POP.NETM,..
Bosnia and Herzegovina,BIH,Agricultural land (sq. km),AG.LND.AGRI.K2,..
Bosnia and Herzegovina,BIH,"Central government debt, total (% of GDP)",GC.DOD.TOTL.GD.ZS,..
Bosnia and Herzegovina,BIH,Interest payments (% of revenue),GC.XPN.INTP.RV.ZS,..
Bosnia and Herzegovina,BIH,Tax revenue (% of GDP),GC.TAX.TOTL.GD.ZS,..
Bosnia and Herzegovina,BIH,"Unemployment, total (% of total labor force) (modeled ILO estimate)",SL.UEM.TOTL.ZS,25.7609996795654
Bosnia and Herzegovina,BIH,Net migration,SM.POP.NETM,..
Belarus,BLR,Agricultural land (sq. km),AG.LND.AGRI.K2,..
Belarus,BLR,"Central government debt, total (% of GDP)",GC.DOD.TOTL.GD.ZS,..
Belarus,BLR,Interest payments (% of revenue),GC.XPN.INTP.RV.ZS,..
Belarus,BLR,Tax revenue (% of GDP),GC.TAX.TOTL.GD.ZS,..
Belarus,BLR,"Unemployment, total (% of total labor force) (modeled ILO estimate)",SL.UEM.TOTL.ZS,0.529999971389771
Belarus,BLR,Net migration,SM.POP.NETM,..
Belize,BLZ,Agricultural land (sq. km),AG.LND.AGRI.K2,..
Belize,BLZ,"Central government debt, total (% of GDP)",GC.DOD.TOTL.GD.ZS,..
Belize,BLZ,Interest payments (% of revenue),GC.XPN.INTP.RV.ZS,..
Belize,BLZ,Tax revenue (% of GDP),GC.TAX.TOTL.GD.ZS,..
Belize,BLZ,"Unemployment, total (% of total labor force) (modeled ILO estimate)",SL.UEM.TOTL.ZS,11.0340003967285
Belize,BLZ,Net migration,SM.POP.NETM,..
Bermuda,BMU,Agricultural land (sq. km),AG.LND.AGRI.K2,..
Bermuda,BMU,"Central government debt, total (% of GDP)",GC.DOD.TOTL.GD.ZS,..
Bermuda,BMU,Interest payments (% of revenue),GC.XPN.INTP.RV.ZS,..
Bermuda,BMU,Tax revenue (% of GDP),GC.TAX.TOTL.GD.ZS,..
Bermuda,BMU,"Unemployment, total (% of total labor force) (modeled ILO estimate)",SL.UEM.TOTL.ZS,..
Bermuda,BMU,Net migration,SM.POP.NETM,..
Bolivia,BOL,Agricultural land (sq. km),AG.LND.AGRI.K2,..
Bolivia,BOL,"Central government debt, total (% of GDP)",GC.DOD.TOTL.GD.ZS,..
Bolivia,BOL,Interest payments (% of revenue),GC.XPN.INTP.RV.ZS,..
Bolivia,BOL,Tax revenue (% of GDP),GC.TAX.TOTL.GD.ZS,..
Bolivia,BOL,"Unemployment, total (% of total labor force) (modeled ILO estimate)",SL.UEM.TOTL.ZS,3.70900011062622
Bolivia,BOL,Net migration,SM.POP.NETM,..
Brazil,BRA,Agricultural land (sq. km),AG.LND.AGRI.K2,..
Brazil,BRA,"Central government debt, total (% of GDP)",GC.DOD.TOTL.GD.ZS,..
Brazil,BRA,Interest payments (% of revenue),GC.XPN.INTP.RV.ZS,..
Brazil,BRA,Tax revenue (% of GDP),GC.TAX.TOTL.GD.ZS,..
Brazil,BRA,"Unemployment, total (% of total labor force) (modeled ILO estimate)",SL.UEM.TOTL.ZS,11.4519996643066
Brazil,BRA,Net migration,SM.POP.NETM,..
Barbados,BRB,Agricultural land (sq. km),AG.LND.AGRI.K2,..
Barbados,BRB,"Central government debt, total (% of GDP)",GC.DOD.TOTL.GD.ZS,..
Barbados,BRB,Interest payments (% of revenue),GC.XPN.INTP.RV.ZS,..
Barbados,BRB,Tax revenue (% of GDP),GC.TAX.TOTL.GD.ZS,..
Barbados,BRB,"Unemployment, total (% of total labor force) (modeled ILO estimate)",SL.UEM.TOTL.ZS,11.3859996795654
Barbados,BRB,Net migration,SM.POP.NETM,..
Brunei Darussalam,BRN,Agricultural land (sq. km),AG.LND.AGRI.K2,..
Brunei Darussalam,BRN,"Central government debt, total (% of GDP)",GC.DOD.TOTL.GD.ZS,..
Brunei Darussalam,BRN,Interest payments (% of revenue),GC.XPN.INTP.RV.ZS,..
Brunei Darussalam,BRN,Tax revenue (% of GDP),GC.TAX.TOTL.GD.ZS,..
Brunei Darussalam,BRN,"Unemployment, total (% of total labor force) (modeled ILO estimate)",SL.UEM.TOTL.ZS,1.99500000476837
Brunei Darussalam,BRN,Net migration,SM.POP.NETM,..
Bhutan,BTN,Agricultural land (sq. km),AG.LND.AGRI.K2,..
Bhutan,BTN,"Central government debt, total (% of GDP)",GC.DOD.TOTL.GD.ZS,..
Bhutan,BTN,Interest payments (% of revenue),GC.XPN.INTP.RV.ZS,..
Bhutan,BTN,Tax revenue (% of GDP),GC.TAX.TOTL.GD.ZS,..
Bhutan,BTN,"Unemployment, total (% of total labor force) (modeled ILO estimate)",SL.UEM.TOTL.ZS,2.3840000629425
Bhutan,BTN,Net migration,SM.POP.NETM,..
Botswana,BWA,Agricultural land (sq. km),AG.LND.AGRI.K2,..
Botswana,BWA,"Central government debt, total (% of GDP)",GC.DOD.TOTL.GD.ZS,..
Botswana,BWA,Interest payments (% of revenue),GC.XPN.INTP.RV.ZS,..
Botswana,BWA,Tax revenue (% of GDP),GC.TAX.TOTL.GD.ZS,..
Botswana,BWA,"Unemployment, total (% of total labor force) (modeled ILO estimate)",SL.UEM.TOTL.ZS,18.3729991912842
Botswana,BWA,Net migration,SM.POP.NETM,..
Central African Republic,CAF,Agricultural land (sq. km),AG.LND.AGRI.K2,..
Central African Republic,CAF,"Central government debt, total (% of GDP)",GC.DOD.TOTL.GD.ZS,..
Central African Republic,CAF,Interest payments (% of revenue),GC.XPN.INTP.RV.ZS,..
Central African Republic,CAF,Tax revenue (% of GDP),GC.TAX.TOTL.GD.ZS,..
Central African Republic,CAF,"Unemployment, total (% of total labor force) (modeled ILO estimate)",SL.UEM.TOTL.ZS,6.86700010299683
Central African Republic,CAF,Net migration,SM.POP.NETM,..
Canada,CAN,Agricultural land (sq. km),AG.LND.AGRI.K2,..
Canada,CAN,"Central government debt, total (% of GDP)",GC.DOD.TOTL.GD.ZS,53.2499911222642
Canada,CAN,Interest payments (% of revenue),GC.XPN.INTP.RV.ZS,6.4488416960497
Canada,CAN,Tax revenue (% of GDP),GC.TAX.TOTL.GD.ZS,11.77089128522
Canada,CAN,"Unemployment, total (% of total labor force) (modeled ILO estimate)",SL.UEM.TOTL.ZS,7.07299995422363
Canada,CAN,Net migration,SM.POP.NETM,..
Switzerland,CHE,Agricultural land (sq. km),AG.LND.AGRI.K2,..
Switzerland,CHE,"Central government debt, total (% of GDP)",GC.DOD.TOTL.GD.ZS,..
Switzerland,CHE,Interest payments (% of revenue),GC.XPN.INTP.RV.ZS,..
Switzerland,CHE,Tax revenue (% of GDP),GC.TAX.TOTL.GD.ZS,..
Switzerland,CHE,"Unemployment, total (% of total labor force) (modeled ILO estimate)",SL.UEM.TOTL.ZS,4.58300018310547
Switzerland,CHE,Net migration,SM.POP.NETM,..
Channel Islands,CHI,Agricultural land (sq. km),AG.LND.AGRI.K2,..
Channel Islands,CHI,"Central government debt, total (% of GDP)",GC.DOD.TOTL.GD.ZS,..
Channel Islands,CHI,Interest payments (% of revenue),GC.XPN.INTP.RV.ZS,..
Channel Islands,CHI,Tax revenue (% of GDP),GC.TAX.TOTL.GD.ZS,..
Channel Islands,CHI,"Unemployment, total (% of total labor force) (modeled ILO estimate)",SL.UEM.TOTL.ZS,8.68200016021729
Channel Islands,CHI,Net migration,SM.POP.NETM,..
Chile,CHL,Agricultural land (sq. km),AG.LND.AGRI.K2,..
Chile,CHL,"Central government debt, total (% of GDP)",GC.DOD.TOTL.GD.ZS,..
Chile,CHL,Interest payments (% of revenue),GC.XPN.INTP.RV.ZS,..
Chile,CHL,Tax revenue (% of GDP),GC.TAX.TOTL.GD.ZS,..
Chile,CHL,"Unemployment, total (% of total labor force) (modeled ILO estimate)",SL.UEM.TOTL.ZS,6.56599998474121
Chile,CHL,Net migration,SM.POP.NETM,..
China,CHN,Agricultural land (sq. km),AG.LND.AGRI.K2,..
China,CHN,"Central government debt, total (% of GDP)",GC.DOD.TOTL.GD.ZS,..
China,CHN,Interest payments (% of revenue),GC.XPN.INTP.RV.ZS,..
China,CHN,Tax revenue (% of GDP),GC.TAX.TOTL.GD.ZS,..
China,CHN,"Unemployment, total (% of total labor force) (modeled ILO estimate)",SL.UEM.TOTL.ZS,4.60500001907349
China,CHN,Net migration,SM.POP.NETM,..
Cote d'Ivoire,CIV,Agricultural land (sq. km),AG.LND.AGRI.K2,..
Cote d'Ivoire,CIV,"Central government debt, total (% of GDP)",GC.DOD.TOTL.GD.ZS,..
Cote d'Ivoire,CIV,Interest payments (% of revenue),GC.XPN.INTP.RV.ZS,..
Cote d'Ivoire,CIV,Tax revenue (% of GDP),GC.TAX.TOTL.GD.ZS,..
Cote d'Ivoire,CIV,"Unemployment, total (% of total labor force) (modeled ILO estimate)",SL.UEM.TOTL.ZS,9.32199954986572
Cote d'Ivoire,CIV,Net migration,SM.POP.NETM,..
Cameroon,CMR,Agricultural land (sq. km),AG.LND.AGRI.K2,..
Cameroon,CMR,"Central government debt, total (% of GDP)",GC.DOD.TOTL.GD.ZS,..
Cameroon,CMR,Interest payments (% of revenue),GC.XPN.INTP.RV.ZS,..
Cameroon,CMR,Tax revenue (% of GDP),GC.TAX.TOTL.GD.ZS,..
Cameroon,CMR,"Unemployment, total (% of total labor force) (modeled ILO estimate)",SL.UEM.TOTL.ZS,4.50699996948242
Cameroon,CMR,Net migration,SM.POP.NETM,..
"Congo, Dem. Rep.",COD,Agricultural land (sq. km),AG.LND.AGRI.K2,..
"Congo, Dem. Rep.",COD,"Central government debt, total (% of GDP)",GC.DOD.TOTL.GD.ZS,..
"Congo, Dem. Rep.",COD,Interest payments (% of revenue),GC.XPN.INTP.RV.ZS,..
"Congo, Dem. Rep.",COD,Tax revenue (% of GDP),GC.TAX.TOTL.GD.ZS,..
"Congo, Dem. Rep.",COD,"Unemployment, total (% of total labor force) (modeled ILO estimate)",SL.UEM.TOTL.ZS,3.63599991798401
"Congo, Dem. Rep.",COD,Net migration,SM.POP.NETM,..
"Congo, Rep.",COG,Agricultural land (sq. km),AG.LND.AGRI.K2,..
"Congo, Rep.",COG,"Central government debt, total (% of GDP)",GC.DOD.TOTL.GD.ZS,..
"Congo, Rep.",COG,Interest payments (% of revenue),GC.XPN.INTP.RV.ZS,..
"Congo, Rep.",COG,Tax revenue (% of GDP),GC.TAX.TOTL.GD.ZS,..
"Congo, Rep.",COG,"Unemployment, total (% of total labor force) (modeled ILO estimate)",SL.UEM.TOTL.ZS,11.1870002746582
"Congo, Rep.",COG,Net migration,SM.POP.NETM,..
Colombia,COL,Agricultural land (sq. km),AG.LND.AGRI.K2,..
Colombia,COL,"Central government debt, total (% of GDP)",GC.DOD.TOTL.GD.ZS,..
Colombia,COL,Interest payments (% of revenue),GC.XPN.INTP.RV.ZS,..
Colombia,COL,Tax revenue (% of GDP),GC.TAX.TOTL.GD.ZS,..
Colombia,COL,"Unemployment, total (% of total labor force) (modeled ILO estimate)",SL.UEM.TOTL.ZS,9.87199974060059
Colombia,COL,Net migration,SM.POP.NETM,..
Comoros,COM,Agricultural land (sq. km),AG.LND.AGRI.K2,..
Comoros,COM,"Central government debt, total (% of GDP)",GC.DOD.TOTL.GD.ZS,..
Comoros,COM,Interest payments (% of revenue),GC.XPN.INTP.RV.ZS,..
Comoros,COM,Tax revenue (% of GDP),GC.TAX.TOTL.GD.ZS,..
Comoros,COM,"Unemployment, total (% of total labor force) (modeled ILO estimate)",SL.UEM.TOTL.ZS,19.9570007324219
Comoros,COM,Net migration,SM.POP.NETM,..
Cabo Verde,CPV,Agricultural land (sq. km),AG.LND.AGRI.K2,..
Cabo Verde,CPV,"Central government debt, total (% of GDP)",GC.DOD.TOTL.GD.ZS,..
Cabo Verde,CPV,Interest payments (% of revenue),GC.XPN.INTP.RV.ZS,..
Cabo Verde,CPV,Tax revenue (% of GDP),GC.TAX.TOTL.GD.ZS,..
Cabo Verde,CPV,"Unemployment, total (% of total labor force) (modeled ILO estimate)",SL.UEM.TOTL.ZS,10.5200004577637
Cabo Verde,CPV,Net migration,SM.POP.NETM,..
Costa Rica,CRI,Agricultural land (sq. km),AG.LND.AGRI.K2,..
Costa Rica,CRI,"Central government debt, total (% of GDP)",GC.DOD.TOTL.GD.ZS,..
Costa Rica,CRI,Interest payments (% of revenue),GC.XPN.INTP.RV.ZS,..
Costa Rica,CRI,Tax revenue (% of GDP),GC.TAX.TOTL.GD.ZS,..
Costa Rica,CRI,"Unemployment, total (% of total labor force) (modeled ILO estimate)",SL.UEM.TOTL.ZS,8.99899959564209
Costa Rica,CRI,Net migration,SM.POP.NETM,..
Cuba,CUB,Agricultural land (sq. km),AG.LND.AGRI.K2,..
Cuba,CUB,"Central government debt, total (% of GDP)",GC.DOD.TOTL.GD.ZS,..
Cuba,CUB,Interest payments (% of revenue),GC.XPN.INTP.RV.ZS,..
Cuba,CUB,Tax revenue (% of GDP),GC.TAX.TOTL.GD.ZS,..
Cuba,CUB,"Unemployment, total (% of total labor force) (modeled ILO estimate)",SL.UEM.TOTL.ZS,2.91499996185303
Cuba,CUB,Net migration,SM.POP.NETM,..
Curacao,CUW,Agricultural land (sq. km),AG.LND.AGRI.K2,..
Curacao,CUW,"Central government debt, total (% of GDP)",GC.DOD.TOTL.GD.ZS,..
Curacao,CUW,Interest payments (% of revenue),GC.XPN.INTP.RV.ZS,..
Curacao,CUW,Tax revenue (% of GDP),GC.TAX.TOTL.GD.ZS,..
Curacao,CUW,"Unemployment, total (% of total labor force) (modeled ILO estimate)",SL.UEM.TOTL.ZS,..
Curacao,CUW,Net migration,SM.POP.NETM,..
Cayman Islands,CYM,Agricultural land (sq. km),AG.LND.AGRI.K2,..
Cayman Islands,CYM,"Central government debt, total (% of GDP)",GC.DOD.TOTL.GD.ZS,..
Cayman Islands,CYM,Interest payments (% of revenue),GC.XPN.INTP.RV.ZS,..
Cayman Islands,CYM,Tax revenue (% of GDP),GC.TAX.TOTL.GD.ZS,..
Cayman Islands,CYM,"Unemployment, total (% of total labor force) (modeled ILO estimate)",SL.UEM.TOTL.ZS,..
Cayman Islands,CYM,Net migration,SM.POP.NETM,..
Cyprus,CYP,Agricultural land (sq. km),AG.LND.AGRI.K2,..
Cyprus,CYP,"Central government debt, total (% of GDP)",GC.DOD.TOTL.GD.ZS,..
Cyprus,CYP,Interest payments (% of revenue),GC.XPN.INTP.RV.ZS,..
Cyprus,CYP,Tax revenue (% of GDP),GC.TAX.TOTL.GD.ZS,..
Cyprus,CYP,"Unemployment, total (% of total labor force) (modeled ILO estimate)",SL.UEM.TOTL.ZS,11.7279996871948
Cyprus,CYP,Net migration,SM.POP.NETM,..
Czech Republic,CZE,Agricultural land (sq. km),AG.LND.AGRI.K2,..
Czech Republic,CZE,"Central government debt, total (% of GDP)",GC.DOD.TOTL.GD.ZS,..
Czech Republic,CZE,Interest payments (% of revenue),GC.XPN.INTP.RV.ZS,..
Czech Republic,CZE,Tax revenue (% of GDP),GC.TAX.TOTL.GD.ZS,..
Czech Republic,CZE,"Unemployment, total (% of total labor force) (modeled ILO estimate)",SL.UEM.TOTL.ZS,4.04500007629395
Czech Republic,CZE,Net migration,SM.POP.NETM,..
Germany,DEU,Agricultural land (sq. km),AG.LND.AGRI.K2,..
Germany,DEU,"Central government debt, total (% of GDP)",GC.DOD.TOTL.GD.ZS,..
Germany,DEU,Interest payments (% of revenue),GC.XPN.INTP.RV.ZS,..
Germany,DEU,Tax revenue (% of GDP),GC.TAX.TOTL.GD.ZS,..
Germany,DEU,"Unemployment, total (% of total labor force) (modeled ILO estimate)",SL.UEM.TOTL.ZS,4.31099987030029
Germany,DEU,Net migration,SM.POP.NETM,..
Djibouti,DJI,Agricultural land (sq. km),AG.LND.AGRI.K2,..
Djibouti,DJI,"Central government debt, total (% of GDP)",GC.DOD.TOTL.GD.ZS,..
Djibouti,DJI,Interest payments (% of revenue),GC.XPN.INTP.RV.ZS,..
Djibouti,DJI,Tax revenue (% of GDP),GC.TAX.TOTL.GD.ZS,..
Djibouti,DJI,"Unemployment, total (% of total labor force) (modeled ILO estimate)",SL.UEM.TOTL.ZS,6.60500001907349
Djibouti,DJI,Net migration,SM.POP.NETM,..
Dominica,DMA,Agricultural land (sq. km),AG.LND.AGRI.K2,..
Dominica,DMA,"Central government debt, total (% of GDP)",GC.DOD.TOTL.GD.ZS,..
Dominica,DMA,Interest payments (% of revenue),GC.XPN.INTP.RV.ZS,..
Dominica,DMA,Tax revenue (% of GDP),GC.TAX.TOTL.GD.ZS,..
Dominica,DMA,"Unemployment, total (% of total labor force) (modeled ILO estimate)",SL.UEM.TOTL.ZS,..
Dominica,DMA,Net migration,SM.POP.NETM,..
Denmark,DNK,Agricultural land (sq. km),AG.LND.AGRI.K2,..
Denmark,DNK,"Central government debt, total (% of GDP)",GC.DOD.TOTL.GD.ZS,..
Denmark,DNK,Interest payments (% of revenue),GC.XPN.INTP.RV.ZS,..
Denmark,DNK,Tax revenue (% of GDP),GC.TAX.TOTL.GD.ZS,..
Denmark,DNK,"Unemployment, total (% of total labor force) (modeled ILO estimate)",SL.UEM.TOTL.ZS,6.05100011825562
Denmark,DNK,Net migration,SM.POP.NETM,..
Dominican Republic,DOM,Agricultural land (sq. km),AG.LND.AGRI.K2,..
Dominican Republic,DOM,"Central government debt, total (% of GDP)",GC.DOD.TOTL.GD.ZS,..
Dominican Republic,DOM,Interest payments (% of revenue),GC.XPN.INTP.RV.ZS,..
Dominican Republic,DOM,Tax revenue (% of GDP),GC.TAX.TOTL.GD.ZS,..
Dominican Republic,DOM,"Unemployment, total (% of total labor force) (modeled ILO estimate)",SL.UEM.TOTL.ZS,14.3629999160767
Dominican Republic,DOM,Net migration,SM.POP.NETM,..
Algeria,DZA,Agricultural land (sq. km),AG.LND.AGRI.K2,..
Algeria,DZA,"Central government debt, total (% of GDP)",GC.DOD.TOTL.GD.ZS,..
Algeria,DZA,Interest payments (% of revenue),GC.XPN.INTP.RV.ZS,..
Algeria,DZA,Tax revenue (% of GDP),GC.TAX.TOTL.GD.ZS,..
Algeria,DZA,"Unemployment, total (% of total labor force) (modeled ILO estimate)",SL.UEM.TOTL.ZS,11.2220001220703
Algeria,DZA,Net migration,SM.POP.NETM,..
Ecuador,ECU,Agricultural land (sq. km),AG.LND.AGRI.K2,..
Ecuador,ECU,"Central government debt, total (% of GDP)",GC.DOD.TOTL.GD.ZS,..
Ecuador,ECU,Interest payments (% of revenue),GC.XPN.INTP.RV.ZS,..
Ecuador,ECU,Tax revenue (% of GDP),GC.TAX.TOTL.GD.ZS,..
Ecuador,ECU,"Unemployment, total (% of total labor force) (modeled ILO estimate)",SL.UEM.TOTL.ZS,5.36100006103516
Ecuador,ECU,Net migration,SM.POP.NETM,..
"Egypt, Arab Rep.",EGY,Agricultural land (sq. km),AG.LND.AGRI.K2,..
"Egypt, Arab Rep.",EGY,"Central government debt, total (% of GDP)",GC.DOD.TOTL.GD.ZS,..
"Egypt, Arab Rep.",EGY,Interest payments (% of revenue),GC.XPN.INTP.RV.ZS,..
"Egypt, Arab Rep.",EGY,Tax revenue (% of GDP),GC.TAX.TOTL.GD.ZS,..
"Egypt, Arab Rep.",EGY,"Unemployment, total (% of total labor force) (modeled ILO estimate)",SL.UEM.TOTL.ZS,12.0139999389648
"Egypt, Arab Rep.",EGY,Net migration,SM.POP.NETM,..
Eritrea,ERI,Agricultural land (sq. km),AG.LND.AGRI.K2,..
Eritrea,ERI,"Central government debt, total (% of GDP)",GC.DOD.TOTL.GD.ZS,..
Eritrea,ERI,Interest payments (% of revenue),GC.XPN.INTP.RV.ZS,..
Eritrea,ERI,Tax revenue (% of GDP),GC.TAX.TOTL.GD.ZS,..
Eritrea,ERI,"Unemployment, total (% of total labor force) (modeled ILO estimate)",SL.UEM.TOTL.ZS,7.26700019836426
Eritrea,ERI,Net migration,SM.POP.NETM,..
Spain,ESP,Agricultural land (sq. km),AG.LND.AGRI.K2,..
Spain,ESP,"Central government debt, total (% of GDP)",GC.DOD.TOTL.GD.ZS,..
Spain,ESP,Interest payments (% of revenue),GC.XPN.INTP.RV.ZS,..
Spain,ESP,Tax revenue (% of GDP),GC.TAX.TOTL.GD.ZS,..
Spain,ESP,"Unemployment, total (% of total labor force) (modeled ILO estimate)",SL.UEM.TOTL.ZS,19.44700050354
Spain,ESP,Net migration,SM.POP.NETM,..
Estonia,EST,Agricultural land (sq. km),AG.LND.AGRI.K2,..
Estonia,EST,"Central government debt, total (% of GDP)",GC.DOD.TOTL.GD.ZS,..
Estonia,EST,Interest payments (% of revenue),GC.XPN.INTP.RV.ZS,..
Estonia,EST,Tax revenue (% of GDP),GC.TAX.TOTL.GD.ZS,..
Estonia,EST,"Unemployment, total (% of total labor force) (modeled ILO estimate)",SL.UEM.TOTL.ZS,6.91099977493286
Estonia,EST,Net migration,SM.POP.NETM,..
Ethiopia,ETH,Agricultural land (sq. km),AG.LND.AGRI.K2,..
Ethiopia,ETH,"Central government debt, total (% of GDP)",GC.DOD.TOTL.GD.ZS,..
Ethiopia,ETH,Interest payments (% of revenue),GC.XPN.INTP.RV.ZS,..
Ethiopia,ETH,Tax revenue (% of GDP),GC.TAX.TOTL.GD.ZS,..
Ethiopia,ETH,"Unemployment, total (% of total labor force) (modeled ILO estimate)",SL.UEM.TOTL.ZS,5.7350001335144
Ethiopia,ETH,Net migration,SM.POP.NETM,..
Finland,FIN,Agricultural land (sq. km),AG.LND.AGRI.K2,..
Finland,FIN,"Central government debt, total (% of GDP)",GC.DOD.TOTL.GD.ZS,..
Finland,FIN,Interest payments (% of revenue),GC.XPN.INTP.RV.ZS,..
Finland,FIN,Tax revenue (% of GDP),GC.TAX.TOTL.GD.ZS,..
Finland,FIN,"Unemployment, total (% of total labor force) (modeled ILO estimate)",SL.UEM.TOTL.ZS,8.99699974060059
Finland,FIN,Net migration,SM.POP.NETM,..
Fiji,FJI,Agricultural land (sq. km),AG.LND.AGRI.K2,..
Fiji,FJI,"Central government debt, total (% of GDP)",GC.DOD.TOTL.GD.ZS,..
Fiji,FJI,Interest payments (% of revenue),GC.XPN.INTP.RV.ZS,..
Fiji,FJI,Tax revenue (% of GDP),GC.TAX.TOTL.GD.ZS,..
Fiji,FJI,"Unemployment, total (% of total labor force) (modeled ILO estimate)",SL.UEM.TOTL.ZS,7.93499994277954
Fiji,FJI,Net migration,SM.POP.NETM,..
France,FRA,Agricultural land (sq. km),AG.LND.AGRI.K2,..
France,FRA,"Central government debt, total (% of GDP)",GC.DOD.TOTL.GD.ZS,..
France,FRA,Interest payments (% of revenue),GC.XPN.INTP.RV.ZS,..
France,FRA,Tax revenue (% of GDP),GC.TAX.TOTL.GD.ZS,..
France,FRA,"Unemployment, total (% of total labor force) (modeled ILO estimate)",SL.UEM.TOTL.ZS,9.96500015258789
France,FRA,Net migration,SM.POP.NETM,..
Faroe Islands,FRO,Agricultural land (sq. km),AG.LND.AGRI.K2,..
Faroe Islands,FRO,"Central government debt, total (% of GDP)",GC.DOD.TOTL.GD.ZS,..
Faroe Islands,FRO,Interest payments (% of revenue),GC.XPN.INTP.RV.ZS,..
Faroe Islands,FRO,Tax revenue (% of GDP),GC.TAX.TOTL.GD.ZS,..
Faroe Islands,FRO,"Unemployment, total (% of total labor force) (modeled ILO estimate)",SL.UEM.TOTL.ZS,..
Faroe Islands,FRO,Net migration,SM.POP.NETM,..
"Micronesia, Fed. Sts.",FSM,Agricultural land (sq. km),AG.LND.AGRI.K2,..
"Micronesia, Fed. Sts.",FSM,"Central government debt, total (% of GDP)",GC.DOD.TOTL.GD.ZS,..
"Micronesia, Fed. Sts.",FSM,Interest payments (% of revenue),GC.XPN.INTP.RV.ZS,..
"Micronesia, Fed. Sts.",FSM,Tax revenue (% of GDP),GC.TAX.TOTL.GD.ZS,..
"Micronesia, Fed. Sts.",FSM,"Unemployment, total (% of total labor force) (modeled ILO estimate)",SL.UEM.TOTL.ZS,..
"Micronesia, Fed. Sts.",FSM,Net migration,SM.POP.NETM,..
Gabon,GAB,Agricultural land (sq. km),AG.LND.AGRI.K2,..
Gabon,GAB,"Central government debt, total (% of GDP)",GC.DOD.TOTL.GD.ZS,..
Gabon,GAB,Interest payments (% of revenue),GC.XPN.INTP.RV.ZS,..
Gabon,GAB,Tax revenue (% of GDP),GC.TAX.TOTL.GD.ZS,..
Gabon,GAB,"Unemployment, total (% of total labor force) (modeled ILO estimate)",SL.UEM.TOTL.ZS,18.5049991607666
Gabon,GAB,Net migration,SM.POP.NETM,..
United Kingdom,GBR,Agricultural land (sq. km),AG.LND.AGRI.K2,..
United Kingdom,GBR,"Central government debt, total (% of GDP)",GC.DOD.TOTL.GD.ZS,..
United Kingdom,GBR,Interest payments (% of revenue),GC.XPN.INTP.RV.ZS,..
United Kingdom,GBR,Tax revenue (% of GDP),GC.TAX.TOTL.GD.ZS,..
United Kingdom,GBR,"Unemployment, total (% of total labor force) (modeled ILO estimate)",SL.UEM.TOTL.ZS,4.84899997711182
United Kingdom,GBR,Net migration,SM.POP.NETM,..
Georgia,GEO,Agricultural land (sq. km),AG.LND.AGRI.K2,..
Georgia,GEO,"Central government debt, total (% of GDP)",GC.DOD.TOTL.GD.ZS,..
Georgia,GEO,Interest payments (% of revenue),GC.XPN.INTP.RV.ZS,..
Georgia,GEO,Tax revenue (% of GDP),GC.TAX.TOTL.GD.ZS,..
Georgia,GEO,"Unemployment, total (% of total labor force) (modeled ILO estimate)",SL.UEM.TOTL.ZS,11.5769996643066
Georgia,GEO,Net migration,SM.POP.NETM,..
Ghana,GHA,Agricultural land (sq. km),AG.LND.AGRI.K2,..
Ghana,GHA,"Central government debt, total (% of GDP)",GC.DOD.TOTL.GD.ZS,..
Ghana,GHA,Interest payments (% of revenue),GC.XPN.INTP.RV.ZS,..
Ghana,GHA,Tax revenue (% of GDP),GC.TAX.TOTL.GD.ZS,..
Ghana,GHA,"Unemployment, total (% of total labor force) (modeled ILO estimate)",SL.UEM.TOTL.ZS,5.76599979400635
Ghana,GHA,Net migration,SM.POP.NETM,..
Gibraltar,GIB,Agricultural land (sq. km),AG.LND.AGRI.K2,..
Gibraltar,GIB,"Central government debt, total (% of GDP)",GC.DOD.TOTL.GD.ZS,..
Gibraltar,GIB,Interest payments (% of revenue),GC.XPN.INTP.RV.ZS,..
Gibraltar,GIB,Tax revenue (% of GDP),GC.TAX.TOTL.GD.ZS,..
Gibraltar,GIB,"Unemployment, total (% of total labor force) (modeled ILO estimate)",SL.UEM.TOTL.ZS,..
Gibraltar,GIB,Net migration,SM.POP.NETM,..
Guinea,GIN,Agricultural land (sq. km),AG.LND.AGRI.K2,..
Guinea,GIN,"Central government debt, total (% of GDP)",GC.DOD.TOTL.GD.ZS,..
Guinea,GIN,Interest payments (% of revenue),GC.XPN.INTP.RV.ZS,..
Guinea,GIN,Tax revenue (% of GDP),GC.TAX.TOTL.GD.ZS,..
Guinea,GIN,"Unemployment, total (% of total labor force) (modeled ILO estimate)",SL.UEM.TOTL.ZS,6.84700012207031
Guinea,GIN,Net migration,SM.POP.NETM,..
"Gambia, The",GMB,Agricultural land (sq. km),AG.LND.AGRI.K2,..
"Gambia, The",GMB,"Central government debt, total (% of GDP)",GC.DOD.TOTL.GD.ZS,..
"Gambia, The",GMB,Interest payments (% of revenue),GC.XPN.INTP.RV.ZS,..
"Gambia, The",GMB,Tax revenue (% of GDP),GC.TAX.TOTL.GD.ZS,..
"Gambia, The",GMB,"Unemployment, total (% of total labor force) (modeled ILO estimate)",SL.UEM.TOTL.ZS,29.6949996948242
"Gambia, The",GMB,Net migration,SM.POP.NETM,..
Guinea-Bissau,GNB,Agricultural land (sq. km),AG.LND.AGRI.K2,..
Guinea-Bissau,GNB,"Central government debt, total (% of GDP)",GC.DOD.TOTL.GD.ZS,..
Guinea-Bissau,GNB,Interest payments (% of revenue),GC.XPN.INTP.RV.ZS,..
Guinea-Bissau,GNB,Tax revenue (% of GDP),GC.TAX.TOTL.GD.ZS,..
Guinea-Bissau,GNB,"Unemployment, total (% of total labor force) (modeled ILO estimate)",SL.UEM.TOTL.ZS,6.52899980545044
Guinea-Bissau,GNB,Net migration,SM.POP.NETM,..
Equatorial Guinea,GNQ,Agricultural land (sq. km),AG.LND.AGRI.K2,..
Equatorial Guinea,GNQ,"Central government debt, total (% of GDP)",GC.DOD.TOTL.GD.ZS,..
Equatorial Guinea,GNQ,Interest payments (% of revenue),GC.XPN.INTP.RV.ZS,..
Equatorial Guinea,GNQ,Tax revenue (% of GDP),GC.TAX.TOTL.GD.ZS,..
Equatorial Guinea,GNQ,"Unemployment, total (% of total labor force) (modeled ILO estimate)",SL.UEM.TOTL.ZS,7.33400011062622
Equatorial Guinea,GNQ,Net migration,SM.POP.NETM,..
Greece,GRC,Agricultural land (sq. km),AG.LND.AGRI.K2,..
Greece,GRC,"Central government debt, total (% of GDP)",GC.DOD.TOTL.GD.ZS,..
Greece,GRC,Interest payments (% of revenue),GC.XPN.INTP.RV.ZS,..
Greece,GRC,Tax revenue (% of GDP),GC.TAX.TOTL.GD.ZS,..
Greece,GRC,"Unemployment, total (% of total labor force) (modeled ILO estimate)",SL.UEM.TOTL.ZS,23.9090003967285
Greece,GRC,Net migration,SM.POP.NETM,..
Grenada,GRD,Agricultural land (sq. km),AG.LND.AGRI.K2,..
Grenada,GRD,"Central government debt, total (% of GDP)",GC.DOD.TOTL.GD.ZS,..
Grenada,GRD,Interest payments (% of revenue),GC.XPN.INTP.RV.ZS,..
Grenada,GRD,Tax revenue (% of GDP),GC.TAX.TOTL.GD.ZS,..
Grenada,GRD,"Unemployment, total (% of total labor force) (modeled ILO estimate)",SL.UEM.TOTL.ZS,..
Grenada,GRD,Net migration,SM.POP.NETM,..
Greenland,GRL,Agricultural land (sq. km),AG.LND.AGRI.K2,..
Greenland,GRL,"Central government debt, total (% of GDP)",GC.DOD.TOTL.GD.ZS,..
Greenland,GRL,Interest payments (% of revenue),GC.XPN.INTP.RV.ZS,..
Greenland,GRL,Tax revenue (% of GDP),GC.TAX.TOTL.GD.ZS,..
Greenland,GRL,"Unemployment, total (% of total labor force) (modeled ILO estimate)",SL.UEM.TOTL.ZS,..
Greenland,GRL,Net migration,SM.POP.NETM,..
Guatemala,GTM,Agricultural land (sq. km),AG.LND.AGRI.K2,..
Guatemala,GTM,"Central government debt, total (% of GDP)",GC.DOD.TOTL.GD.ZS,..
Guatemala,GTM,Interest payments (% of revenue),GC.XPN.INTP.RV.ZS,..
Guatemala,GTM,Tax revenue (% of GDP),GC.TAX.TOTL.GD.ZS,..
Guatemala,GTM,"Unemployment, total (% of total labor force) (modeled ILO estimate)",SL.UEM.TOTL.ZS,2.37700009346008
Guatemala,GTM,Net migration,SM.POP.NETM,..
Guam,GUM,Agricultural land (sq. km),AG.LND.AGRI.K2,..
Guam,GUM,"Central government debt, total (% of GDP)",GC.DOD.TOTL.GD.ZS,..
Guam,GUM,Interest payments (% of revenue),GC.XPN.INTP.RV.ZS,..
Guam,GUM,Tax revenue (% of GDP),GC.TAX.TOTL.GD.ZS,..
Guam,GUM,"Unemployment, total (% of total labor force) (modeled ILO estimate)",SL.UEM.TOTL.ZS,10.8430004119873
Guam,GUM,Net migration,SM.POP.NETM,..
Guyana,GUY,Agricultural land (sq. km),AG.LND.AGRI.K2,..
Guyana,GUY,"Central government debt, total (% of GDP)",GC.DOD.TOTL.GD.ZS,..
Guyana,GUY,Interest payments (% of revenue),GC.XPN.INTP.RV.ZS,..
Guyana,GUY,Tax revenue (% of GDP),GC.TAX.TOTL.GD.ZS,..
Guyana,GUY,"Unemployment, total (% of total labor force) (modeled ILO estimate)",SL.UEM.TOTL.ZS,11.4350004196167
Guyana,GUY,Net migration,SM.POP.NETM,..
"Hong Kong SAR, China",HKG,Agricultural land (sq. km),AG.LND.AGRI.K2,..
"Hong Kong SAR, China",HKG,"Central government debt, total (% of GDP)",GC.DOD.TOTL.GD.ZS,..
"Hong Kong SAR, China",HKG,Interest payments (% of revenue),GC.XPN.INTP.RV.ZS,..
"Hong Kong SAR, China",HKG,Tax revenue (% of GDP),GC.TAX.TOTL.GD.ZS,..
"Hong Kong SAR, China",HKG,"Unemployment, total (% of total labor force) (modeled ILO estimate)",SL.UEM.TOTL.ZS,3.42199993133545
"Hong Kong SAR, China",HKG,Net migration,SM.POP.NETM,..
Honduras,HND,Agricultural land (sq. km),AG.LND.AGRI.K2,..
Honduras,HND,"Central government debt, total (% of GDP)",GC.DOD.TOTL.GD.ZS,..
Honduras,HND,Interest payments (% of revenue),GC.XPN.INTP.RV.ZS,..
Honduras,HND,Tax revenue (% of GDP),GC.TAX.TOTL.GD.ZS,..
Honduras,HND,"Unemployment, total (% of total labor force) (modeled ILO estimate)",SL.UEM.TOTL.ZS,6.28399991989136
Honduras,HND,Net migration,SM.POP.NETM,..
Croatia,HRV,Agricultural land (sq. km),AG.LND.AGRI.K2,..
Croatia,HRV,"Central government debt, total (% of GDP)",GC.DOD.TOTL.GD.ZS,..
Croatia,HRV,Interest payments (% of revenue),GC.XPN.INTP.RV.ZS,..
Croatia,HRV,Tax revenue (% of GDP),GC.TAX.TOTL.GD.ZS,..
Croatia,HRV,"Unemployment, total (% of total labor force) (modeled ILO estimate)",SL.UEM.TOTL.ZS,13.4759998321533
Croatia,HRV,Net migration,SM.POP.NETM,..
Haiti,HTI,Agricultural land (sq. km),AG.LND.AGRI.K2,..
Haiti,HTI,"Central government debt, total (% of GDP)",GC.DOD.TOTL.GD.ZS,..
Haiti,HTI,Interest payments (% of revenue),GC.XPN.INTP.RV.ZS,..
Haiti,HTI,Tax revenue (% of GDP),GC.TAX.TOTL.GD.ZS,..
Haiti,HTI,"Unemployment, total (% of total labor force) (modeled ILO estimate)",SL.UEM.TOTL.ZS,13.1850004196167
Haiti,HTI,Net migration,SM.POP.NETM,..
Hungary,HUN,Agricultural land (sq. km),AG.LND.AGRI.K2,..
Hungary,HUN,"Central government debt, total (% of GDP)",GC.DOD.TOTL.GD.ZS,..
Hungary,HUN,Interest payments (% of revenue),GC.XPN.INTP.RV.ZS,..
Hungary,HUN,Tax revenue (% of GDP),GC.TAX.TOTL.GD.ZS,..
Hungary,HUN,"Unemployment, total (% of total labor force) (modeled ILO estimate)",SL.UEM.TOTL.ZS,5.16800022125244
Hungary,HUN,Net migration,SM.POP.NETM,..
Indonesia,IDN,Agricultural land (sq. km),AG.LND.AGRI.K2,..
Indonesia,IDN,"Central government debt, total (% of GDP)",GC.DOD.TOTL.GD.ZS,..
Indonesia,IDN,Interest payments (% of revenue),GC.XPN.INTP.RV.ZS,..
Indonesia,IDN,Tax revenue (% of GDP),GC.TAX.TOTL.GD.ZS,..
Indonesia,IDN,"Unemployment, total (% of total labor force) (modeled ILO estimate)",SL.UEM.TOTL.ZS,5.59999990463257
Indonesia,IDN,Net migration,SM.POP.NETM,..
Isle of Man,IMN,Agricultural land (sq. km),AG.LND.AGRI.K2,..
Isle of Man,IMN,"Central government debt, total (% of GDP)",GC.DOD.TOTL.GD.ZS,..
Isle of Man,IMN,Interest payments (% of revenue),GC.XPN.INTP.RV.ZS,..
Isle of Man,IMN,Tax revenue (% of GDP),GC.TAX.TOTL.GD.ZS,..
Isle of Man,IMN,"Unemployment, total (% of total labor force) (modeled ILO estimate)",SL.UEM.TOTL.ZS,..
Isle of Man,IMN,Net migration,SM.POP.NETM,..
India,IND,Agricultural land (sq. km),AG.LND.AGRI.K2,..
India,IND,"Central government debt, total (% of GDP)",GC.DOD.TOTL.GD.ZS,..
India,IND,Interest payments (% of revenue),GC.XPN.INTP.RV.ZS,..
India,IND,Tax revenue (% of GDP),GC.TAX.TOTL.GD.ZS,..
India,IND,"Unemployment, total (% of total labor force) (modeled ILO estimate)",SL.UEM.TOTL.ZS,3.45799994468689
India,IND,Net migration,SM.POP.NETM,..
Ireland,IRL,Agricultural land (sq. km),AG.LND.AGRI.K2,..
Ireland,IRL,"Central government debt, total (% of GDP)",GC.DOD.TOTL.GD.ZS,..
Ireland,IRL,Interest payments (% of revenue),GC.XPN.INTP.RV.ZS,..
Ireland,IRL,Tax revenue (% of GDP),GC.TAX.TOTL.GD.ZS,..
Ireland,IRL,"Unemployment, total (% of total labor force) (modeled ILO estimate)",SL.UEM.TOTL.ZS,8.08899974822998
Ireland,IRL,Net migration,SM.POP.NETM,..
"Iran, Islamic Rep.",IRN,Agricultural land (sq. km),AG.LND.AGRI.K2,..
"Iran, Islamic Rep.",IRN,"Central government debt, total (% of GDP)",GC.DOD.TOTL.GD.ZS,..
"Iran, Islamic Rep.",IRN,Interest payments (% of revenue),GC.XPN.INTP.RV.ZS,..
"Iran, Islamic Rep.",IRN,Tax revenue (% of GDP),GC.TAX.TOTL.GD.ZS,..
"Iran, Islamic Rep.",IRN,"Unemployment, total (% of total labor force) (modeled ILO estimate)",SL.UEM.TOTL.ZS,11.2690000534058
"Iran, Islamic Rep.",IRN,Net migration,SM.POP.NETM,..
Iraq,IRQ,Agricultural land (sq. km),AG.LND.AGRI.K2,..
Iraq,IRQ,"Central government debt, total (% of GDP)",GC.DOD.TOTL.GD.ZS,..
Iraq,IRQ,Interest payments (% of revenue),GC.XPN.INTP.RV.ZS,..
Iraq,IRQ,Tax revenue (% of GDP),GC.TAX.TOTL.GD.ZS,..
Iraq,IRQ,"Unemployment, total (% of total labor force) (modeled ILO estimate)",SL.UEM.TOTL.ZS,16.0450000762939
Iraq,IRQ,Net migration,SM.POP.NETM,..
Iceland,ISL,Agricultural land (sq. km),AG.LND.AGRI.K2,..
Iceland,ISL,"Central government debt, total (% of GDP)",GC.DOD.TOTL.GD.ZS,..
Iceland,ISL,Interest payments (% of revenue),GC.XPN.INTP.RV.ZS,..
Iceland,ISL,Tax revenue (% of GDP),GC.TAX.TOTL.GD.ZS,..
Iceland,ISL,"Unemployment, total (% of total labor force) (modeled ILO estimate)",SL.UEM.TOTL.ZS,3.75999999046326
Iceland,ISL,Net migration,SM.POP.NETM,..
Israel,ISR,Agricultural land (sq. km),AG.LND.AGRI.K2,..
Israel,ISR,"Central government debt, total (% of GDP)",GC.DOD.TOTL.GD.ZS,..
Israel,ISR,Interest payments (% of revenue),GC.XPN.INTP.RV.ZS,..
Israel,ISR,Tax revenue (% of GDP),GC.TAX.TOTL.GD.ZS,..
Israel,ISR,"Unemployment, total (% of total labor force) (modeled ILO estimate)",SL.UEM.TOTL.ZS,5.60599994659424
Israel,ISR,Net migration,SM.POP.NETM,..
Italy,ITA,Agricultural land (sq. km),AG.LND.AGRI.K2,..
Italy,ITA,"Central government debt, total (% of GDP)",GC.DOD.TOTL.GD.ZS,..
Italy,ITA,Interest payments (% of revenue),GC.XPN.INTP.RV.ZS,..
Italy,ITA,Tax revenue (% of GDP),GC.TAX.TOTL.GD.ZS,..
Italy,ITA,"Unemployment, total (% of total labor force) (modeled ILO estimate)",SL.UEM.TOTL.ZS,11.5410003662109
Italy,ITA,Net migration,SM.POP.NETM,..
Jamaica,JAM,Agricultural land (sq. km),AG.LND.AGRI.K2,..
Jamaica,JAM,"Central government debt, total (% of GDP)",GC.DOD.TOTL.GD.ZS,..
Jamaica,JAM,Interest payments (% of revenue),GC.XPN.INTP.RV.ZS,..
Jamaica,JAM,Tax revenue (% of GDP),GC.TAX.TOTL.GD.ZS,..
Jamaica,JAM,"Unemployment, total (% of total labor force) (modeled ILO estimate)",SL.UEM.TOTL.ZS,13.2580003738403
Jamaica,JAM,Net migration,SM.POP.NETM,..
Jordan,JOR,Agricultural land (sq. km),AG.LND.AGRI.K2,..
Jordan,JOR,"Central government debt, total (% of GDP)",GC.DOD.TOTL.GD.ZS,..
Jordan,JOR,Interest payments (% of revenue),GC.XPN.INTP.RV.ZS,..
Jordan,JOR,Tax revenue (% of GDP),GC.TAX.TOTL.GD.ZS,..
Jordan,JOR,"Unemployment, total (% of total labor force) (modeled ILO estimate)",SL.UEM.TOTL.ZS,13.2410001754761
Jordan,JOR,Net migration,SM.POP.NETM,..
Japan,JPN,Agricultural land (sq. km),AG.LND.AGRI.K2,..
Japan,JPN,"Central government debt, total (% of GDP)",GC.DOD.TOTL.GD.ZS,..
Japan,JPN,Interest payments (% of revenue),GC.XPN.INTP.RV.ZS,..
Japan,JPN,Tax revenue (% of GDP),GC.TAX.TOTL.GD.ZS,..
Japan,JPN,"Unemployment, total (% of total labor force) (modeled ILO estimate)",SL.UEM.TOTL.ZS,3.13599991798401
Japan,JPN,Net migration,SM.POP.NETM,..
Kazakhstan,KAZ,Agricultural land (sq. km),AG.LND.AGRI.K2,..
Kazakhstan,KAZ,"Central government debt, total (% of GDP)",GC.DOD.TOTL.GD.ZS,..
Kazakhstan,KAZ,Interest payments (% of revenue),GC.XPN.INTP.RV.ZS,..
Kazakhstan,KAZ,Tax revenue (% of GDP),GC.TAX.TOTL.GD.ZS,..
Kazakhstan,KAZ,"Unemployment, total (% of total labor force) (modeled ILO estimate)",SL.UEM.TOTL.ZS,5.22800016403198
Kazakhstan,KAZ,Net migration,SM.POP.NETM,..
Kenya,KEN,Agricultural land (sq. km),AG.LND.AGRI.K2,..
Kenya,KEN,"Central government debt, total (% of GDP)",GC.DOD.TOTL.GD.ZS,..
Kenya,KEN,Interest payments (% of revenue),GC.XPN.INTP.RV.ZS,..
Kenya,KEN,Tax revenue (% of GDP),GC.TAX.TOTL.GD.ZS,..
Kenya,KEN,"Unemployment, total (% of total labor force) (modeled ILO estimate)",SL.UEM.TOTL.ZS,10.9980001449585
Kenya,KEN,Net migration,SM.POP.NETM,..
Kyrgyz Republic,KGZ,Agricultural land (sq. km),AG.LND.AGRI.K2,..
Kyrgyz Republic,KGZ,"Central government debt, total (% of GDP)",GC.DOD.TOTL.GD.ZS,..
Kyrgyz Republic,KGZ,Interest payments (% of revenue),GC.XPN.INTP.RV.ZS,..
Kyrgyz Republic,KGZ,Tax revenue (% of GDP),GC.TAX.TOTL.GD.ZS,..
Kyrgyz Republic,KGZ,"Unemployment, total (% of total labor force) (modeled ILO estimate)",SL.UEM.TOTL.ZS,7.68599987030029
Kyrgyz Republic,KGZ,Net migration,SM.POP.NETM,..
Cambodia,KHM,Agricultural land (sq. km),AG.LND.AGRI.K2,..
Cambodia,KHM,"Central government debt, total (% of GDP)",GC.DOD.TOTL.GD.ZS,..
Cambodia,KHM,Interest payments (% of revenue),GC.XPN.INTP.RV.ZS,..
Cambodia,KHM,Tax revenue (% of GDP),GC.TAX.TOTL.GD.ZS,..
Cambodia,KHM,"Unemployment, total (% of total labor force) (modeled ILO estimate)",SL.UEM.TOTL.ZS,0.264999985694885
Cambodia,KHM,Net migration,SM.POP.NETM,..
Kiribati,KIR,Agricultural land (sq. km),AG.LND.AGRI.K2,..
Kiribati,KIR,"Central government debt, total (% of GDP)",GC.DOD.TOTL.GD.ZS,..
Kiribati,KIR,Interest payments (% of revenue),GC.XPN.INTP.RV.ZS,..
Kiribati,KIR,Tax revenue (% of GDP),GC.TAX.TOTL.GD.ZS,..
Kiribati,KIR,"Unemployment, total (% of total labor force) (modeled ILO estimate)",SL.UEM.TOTL.ZS,..
Kiribati,KIR,Net migration,SM.POP.NETM,..
St. Kitts and Nevis,KNA,Agricultural land (sq. km),AG.LND.AGRI.K2,..
St. Kitts and Nevis,KNA,"Central government debt, total (% of GDP)",GC.DOD.TOTL.GD.ZS,..
St. Kitts and Nevis,KNA,Interest payments (% of revenue),GC.XPN.INTP.RV.ZS,..
St. Kitts and Nevis,KNA,Tax revenue (% of GDP),GC.TAX.TOTL.GD.ZS,..
St. Kitts and Nevis,KNA,"Unemployment, total (% of total labor force) (modeled ILO estimate)",SL.UEM.TOTL.ZS,..
St. Kitts and Nevis,KNA,Net migration,SM.POP.NETM,..
"Korea, Rep.",KOR,Agricultural land (sq. km),AG.LND.AGRI.K2,..
"Korea, Rep.",KOR,"Central government debt, total (% of GDP)",GC.DOD.TOTL.GD.ZS,..
"Korea, Rep.",KOR,Interest payments (% of revenue),GC.XPN.INTP.RV.ZS,..
"Korea, Rep.",KOR,Tax revenue (% of GDP),GC.TAX.TOTL.GD.ZS,..
"Korea, Rep.",KOR,"Unemployment, total (% of total labor force) (modeled ILO estimate)",SL.UEM.TOTL.ZS,3.65199995040894
"Korea, Rep.",KOR,Net migration,SM.POP.NETM,..
Kuwait,KWT,Agricultural land (sq. km),AG.LND.AGRI.K2,..
Kuwait,KWT,"Central government debt, total (% of GDP)",GC.DOD.TOTL.GD.ZS,..
Kuwait,KWT,Interest payments (% of revenue),GC.XPN.INTP.RV.ZS,..
Kuwait,KWT,Tax revenue (% of GDP),GC.TAX.TOTL.GD.ZS,..
Kuwait,KWT,"Unemployment, total (% of total labor force) (modeled ILO estimate)",SL.UEM.TOTL.ZS,2.43899989128113
Kuwait,KWT,Net migration,SM.POP.NETM,..
Lao PDR,LAO,Agricultural land (sq. km),AG.LND.AGRI.K2,..
Lao PDR,LAO,"Central government debt, total (% of GDP)",GC.DOD.TOTL.GD.ZS,..
Lao PDR,LAO,Interest payments (% of revenue),GC.XPN.INTP.RV.ZS,..
Lao PDR,LAO,Tax revenue (% of GDP),GC.TAX.TOTL.GD.ZS,..
Lao PDR,LAO,"Unemployment, total (% of total labor force) (modeled ILO estimate)",SL.UEM.TOTL.ZS,1.48399996757507
Lao PDR,LAO,Net migration,SM.POP.NETM,..
Lebanon,LBN,Agricultural land (sq. km),AG.LND.AGRI.K2,..
Lebanon,LBN,"Central government debt, total (% of GDP)",GC.DOD.TOTL.GD.ZS,..
Lebanon,LBN,Interest payments (% of revenue),GC.XPN.INTP.RV.ZS,..
Lebanon,LBN,Tax revenue (% of GDP),GC.TAX.TOTL.GD.ZS,..
Lebanon,LBN,"Unemployment, total (% of total labor force) (modeled ILO estimate)",SL.UEM.TOTL.ZS,6.78399991989136
Lebanon,LBN,Net migration,SM.POP.NETM,..
Liberia,LBR,Agricultural land (sq. km),AG.LND.AGRI.K2,..
Liberia,LBR,"Central government debt, total (% of GDP)",GC.DOD.TOTL.GD.ZS,..
Liberia,LBR,Interest payments (% of revenue),GC.XPN.INTP.RV.ZS,..
Liberia,LBR,Tax revenue (% of GDP),GC.TAX.TOTL.GD.ZS,..
Liberia,LBR,"Unemployment, total (% of total labor force) (modeled ILO estimate)",SL.UEM.TOTL.ZS,4.0019998550415
Liberia,LBR,Net migration,SM.POP.NETM,..
Libya,LBY,Agricultural land (sq. km),AG.LND.AGRI.K2,..
Libya,LBY,"Central government debt, total (% of GDP)",GC.DOD.TOTL.GD.ZS,..
Libya,LBY,Interest payments (% of revenue),GC.XPN.INTP.RV.ZS,..
Libya,LBY,Tax revenue (% of GDP),GC.TAX.TOTL.GD.ZS,..
Libya,LBY,"Unemployment, total (% of total labor force) (modeled ILO estimate)",SL.UEM.TOTL.ZS,19.2199993133545
Libya,LBY,Net migration,SM.POP.NETM,..
St. Lucia,LCA,Agricultural land (sq. km),AG.LND.AGRI.K2,..
St. Lucia,LCA,"Central government debt, total (% of GDP)",GC.DOD.TOTL.GD.ZS,..
St. Lucia,LCA,Interest payments (% of revenue),GC.XPN.INTP.RV.ZS,..
St. Lucia,LCA,Tax revenue (% of GDP),GC.TAX.TOTL.GD.ZS,..
St. Lucia,LCA,"Unemployment, total (% of total labor force) (modeled ILO estimate)",SL.UEM.TOTL.ZS,19.7590007781982
St. Lucia,LCA,Net migration,SM.POP.NETM,..
Liechtenstein,LIE,Agricultural land (sq. km),AG.LND.AGRI.K2,..
Liechtenstein,LIE,"Central government debt, total (% of GDP)",GC.DOD.TOTL.GD.ZS,..
Liechtenstein,LIE,Interest payments (% of revenue),GC.XPN.INTP.RV.ZS,..
Liechtenstein,LIE,Tax revenue (% of GDP),GC.TAX.TOTL.GD.ZS,..
Liechtenstein,LIE,"Unemployment, total (% of total labor force) (modeled ILO estimate)",SL.UEM.TOTL.ZS,..
Liechtenstein,LIE,Net migration,SM.POP.NETM,..
Sri Lanka,LKA,Agricultural land (sq. km),AG.LND.AGRI.K2,..
Sri Lanka,LKA,"Central government debt, total (% of GDP)",GC.DOD.TOTL.GD.ZS,..
Sri Lanka,LKA,Interest payments (% of revenue),GC.XPN.INTP.RV.ZS,..
Sri Lanka,LKA,Tax revenue (% of GDP),GC.TAX.TOTL.GD.ZS,..
Sri Lanka,LKA,"Unemployment, total (% of total labor force) (modeled ILO estimate)",SL.UEM.TOTL.ZS,4.98099994659424
Sri Lanka,LKA,Net migration,SM.POP.NETM,..
Lesotho,LSO,Agricultural land (sq. km),AG.LND.AGRI.K2,..
Lesotho,LSO,"Central government debt, total (% of GDP)",GC.DOD.TOTL.GD.ZS,..
Lesotho,LSO,Interest payments (% of revenue),GC.XPN.INTP.RV.ZS,..
Lesotho,LSO,Tax revenue (% of GDP),GC.TAX.TOTL.GD.ZS,..
Lesotho,LSO,"Unemployment, total (% of total labor force) (modeled ILO estimate)",SL.UEM.TOTL.ZS,27.4230003356934
Lesotho,LSO,Net migration,SM.POP.NETM,..
Lithuania,LTU,Agricultural land (sq. km),AG.LND.AGRI.K2,..
Lithuania,LTU,"Central government debt, total (% of GDP)",GC.DOD.TOTL.GD.ZS,..
Lithuania,LTU,Interest payments (% of revenue),GC.XPN.INTP.RV.ZS,..
Lithuania,LTU,Tax revenue (% of GDP),GC.TAX.TOTL.GD.ZS,..
Lithuania,LTU,"Unemployment, total (% of total labor force) (modeled ILO estimate)",SL.UEM.TOTL.ZS,9.1850004196167
Lithuania,LTU,Net migration,SM.POP.NETM,..
Luxembourg,LUX,Agricultural land (sq. km),AG.LND.AGRI.K2,..
Luxembourg,LUX,"Central government debt, total (% of GDP)",GC.DOD.TOTL.GD.ZS,..
Luxembourg,LUX,Interest payments (% of revenue),GC.XPN.INTP.RV.ZS,..
Luxembourg,LUX,Tax revenue (% of GDP),GC.TAX.TOTL.GD.ZS,..
Luxembourg,LUX,"Unemployment, total (% of total labor force) (modeled ILO estimate)",SL.UEM.TOTL.ZS,5.94199991226196
Luxembourg,LUX,Net migration,SM.POP.NETM,..
Latvia,LVA,Agricultural land (sq. km),AG.LND.AGRI.K2,..
Latvia,LVA,"Central government debt, total (% of GDP)",GC.DOD.TOTL.GD.ZS,..
Latvia,LVA,Interest payments (% of revenue),GC.XPN.INTP.RV.ZS,..
Latvia,LVA,Tax revenue (% of GDP),GC.TAX.TOTL.GD.ZS,..
Latvia,LVA,"Unemployment, total (% of total labor force) (modeled ILO estimate)",SL.UEM.TOTL.ZS,9.88300037384033
Latvia,LVA,Net migration,SM.POP.NETM,..
"Macao SAR, China",MAC,Agricultural land (sq. km),AG.LND.AGRI.K2,..
"Macao SAR, China",MAC,"Central government debt, total (% of GDP)",GC.DOD.TOTL.GD.ZS,..
"Macao SAR, China",MAC,Interest payments (% of revenue),GC.XPN.INTP.RV.ZS,..
"Macao SAR, China",MAC,Tax revenue (% of GDP),GC.TAX.TOTL.GD.ZS,..
"Macao SAR, China",MAC,"Unemployment, total (% of total labor force) (modeled ILO estimate)",SL.UEM.TOTL.ZS,2.72499990463257
"Macao SAR, China",MAC,Net migration,SM.POP.NETM,..
St. Martin (French part),MAF,Agricultural land (sq. km),AG.LND.AGRI.K2,..
St. Martin (French part),MAF,"Central government debt, total (% of GDP)",GC.DOD.TOTL.GD.ZS,..
St. Martin (French part),MAF,Interest payments (% of revenue),GC.XPN.INTP.RV.ZS,..
St. Martin (French part),MAF,Tax revenue (% of GDP),GC.TAX.TOTL.GD.ZS,..
St. Martin (French part),MAF,"Unemployment, total (% of total labor force) (modeled ILO estimate)",SL.UEM.TOTL.ZS,..
St. Martin (French part),MAF,Net migration,SM.POP.NETM,..
Morocco,MAR,Agricultural land (sq. km),AG.LND.AGRI.K2,..
Morocco,MAR,"Central government debt, total (% of GDP)",GC.DOD.TOTL.GD.ZS,..
Morocco,MAR,Interest payments (% of revenue),GC.XPN.INTP.RV.ZS,..
Morocco,MAR,Tax revenue (% of GDP),GC.TAX.TOTL.GD.ZS,..
Morocco,MAR,"Unemployment, total (% of total labor force) (modeled ILO estimate)",SL.UEM.TOTL.ZS,9.98299980163574
Morocco,MAR,Net migration,SM.POP.NETM,..
Monaco,MCO,Agricultural land (sq. km),AG.LND.AGRI.K2,..
Monaco,MCO,"Central government debt, total (% of GDP)",GC.DOD.TOTL.GD.ZS,..
Monaco,MCO,Interest payments (% of revenue),GC.XPN.INTP.RV.ZS,..
Monaco,MCO,Tax revenue (% of GDP),GC.TAX.TOTL.GD.ZS,..
Monaco,MCO,"Unemployment, total (% of total labor force) (modeled ILO estimate)",SL.UEM.TOTL.ZS,..
Monaco,MCO,Net migration,SM.POP.NETM,..
Moldova,MDA,Agricultural land (sq. km),AG.LND.AGRI.K2,..
Moldova,MDA,"Central government debt, total (% of GDP)",GC.DOD.TOTL.GD.ZS,..
Moldova,MDA,Interest payments (% of revenue),GC.XPN.INTP.RV.ZS,..
Moldova,MDA,Tax revenue (% of GDP),GC.TAX.TOTL.GD.ZS,..
Moldova,MDA,"Unemployment, total (% of total labor force) (modeled ILO estimate)",SL.UEM.TOTL.ZS,4.98299980163574
Moldova,MDA,Net migration,SM.POP.NETM,..
Madagascar,MDG,Agricultural land (sq. km),AG.LND.AGRI.K2,..
Madagascar,MDG,"Central government debt, total (% of GDP)",GC.DOD.TOTL.GD.ZS,..
Madagascar,MDG,Interest payments (% of revenue),GC.XPN.INTP.RV.ZS,..
Madagascar,MDG,Tax revenue (% of GDP),GC.TAX.TOTL.GD.ZS,..
Madagascar,MDG,"Unemployment, total (% of total labor force) (modeled ILO estimate)",SL.UEM.TOTL.ZS,2.1340000629425
Madagascar,MDG,Net migration,SM.POP.NETM,..
Maldives,MDV,Agricultural land (sq. km),AG.LND.AGRI.K2,..
Maldives,MDV,"Central government debt, total (% of GDP)",GC.DOD.TOTL.GD.ZS,..
Maldives,MDV,Interest payments (% of revenue),GC.XPN.INTP.RV.ZS,..
Maldives,MDV,Tax revenue (% of GDP),GC.TAX.TOTL.GD.ZS,..
Maldives,MDV,"Unemployment, total (% of total labor force) (modeled ILO estimate)",SL.UEM.TOTL.ZS,3.23399996757507
Maldives,MDV,Net migration,SM.POP.NETM,..
Mexico,MEX,Agricultural land (sq. km),AG.LND.AGRI.K2,..
Mexico,MEX,"Central government debt, total (% of GDP)",GC.DOD.TOTL.GD.ZS,..
Mexico,MEX,Interest payments (% of revenue),GC.XPN.INTP.RV.ZS,..
Mexico,MEX,Tax revenue (% of GDP),GC.TAX.TOTL.GD.ZS,..
Mexico,MEX,"Unemployment, total (% of total labor force) (modeled ILO estimate)",SL.UEM.TOTL.ZS,4.0149998664856
Mexico,MEX,Net migration,SM.POP.NETM,..
Marshall Islands,MHL,Agricultural land (sq. km),AG.LND.AGRI.K2,..
Marshall Islands,MHL,"Central government debt, total (% of GDP)",GC.DOD.TOTL.GD.ZS,..
Marshall Islands,MHL,Interest payments (% of revenue),GC.XPN.INTP.RV.ZS,..
Marshall Islands,MHL,Tax revenue (% of GDP),GC.TAX.TOTL.GD.ZS,..
Marshall Islands,MHL,"Unemployment, total (% of total labor force) (modeled ILO estimate)",SL.UEM.TOTL.ZS,..
Marshall Islands,MHL,Net migration,SM.POP.NETM,..
"Macedonia, FYR",MKD,Agricultural land (sq. km),AG.LND.AGRI.K2,..
"Macedonia, FYR",MKD,"Central government debt, total (% of GDP)",GC.DOD.TOTL.GD.ZS,..
"Macedonia, FYR",MKD,Interest payments (% of revenue),GC.XPN.INTP.RV.ZS,..
"Macedonia, FYR",MKD,Tax revenue (% of GDP),GC.TAX.TOTL.GD.ZS,..
"Macedonia, FYR",MKD,"Unemployment, total (% of total labor force) (modeled ILO estimate)",SL.UEM.TOTL.ZS,26.7280006408691
"Macedonia, FYR",MKD,Net migration,SM.POP.NETM,..
Mali,MLI,Agricultural land (sq. km),AG.LND.AGRI.K2,..
Mali,MLI,"Central government debt, total (% of GDP)",GC.DOD.TOTL.GD.ZS,..
Mali,MLI,Interest payments (% of revenue),GC.XPN.INTP.RV.ZS,..
Mali,MLI,Tax revenue (% of GDP),GC.TAX.TOTL.GD.ZS,..
Mali,MLI,"Unemployment, total (% of total labor force) (modeled ILO estimate)",SL.UEM.TOTL.ZS,8.09700012207031
Mali,MLI,Net migration,SM.POP.NETM,..
Malta,MLT,Agricultural land (sq. km),AG.LND.AGRI.K2,..
Malta,MLT,"Central government debt, total (% of GDP)",GC.DOD.TOTL.GD.ZS,..
Malta,MLT,Interest payments (% of revenue),GC.XPN.INTP.RV.ZS,..
Malta,MLT,Tax revenue (% of GDP),GC.TAX.TOTL.GD.ZS,..
Malta,MLT,"Unemployment, total (% of total labor force) (modeled ILO estimate)",SL.UEM.TOTL.ZS,5.31699991226196
Malta,MLT,Net migration,SM.POP.NETM,..
Myanmar,MMR,Agricultural land (sq. km),AG.LND.AGRI.K2,..
Myanmar,MMR,"Central government debt, total (% of GDP)",GC.DOD.TOTL.GD.ZS,..
Myanmar,MMR,Interest payments (% of revenue),GC.XPN.INTP.RV.ZS,..
Myanmar,MMR,Tax revenue (% of GDP),GC.TAX.TOTL.GD.ZS,..
Myanmar,MMR,"Unemployment, total (% of total labor force) (modeled ILO estimate)",SL.UEM.TOTL.ZS,0.805999994277954
Myanmar,MMR,Net migration,SM.POP.NETM,..
Montenegro,MNE,Agricultural land (sq. km),AG.LND.AGRI.K2,..
Montenegro,MNE,"Central government debt, total (% of GDP)",GC.DOD.TOTL.GD.ZS,..
Montenegro,MNE,Interest payments (% of revenue),GC.XPN.INTP.RV.ZS,..
Montenegro,MNE,Tax revenue (% of GDP),GC.TAX.TOTL.GD.ZS,..
Montenegro,MNE,"Unemployment, total (% of total labor force) (modeled ILO estimate)",SL.UEM.TOTL.ZS,17.492000579834
Montenegro,MNE,Net migration,SM.POP.NETM,..
Mongolia,MNG,Agricultural land (sq. km),AG.LND.AGRI.K2,..
Mongolia,MNG,"Central government debt, total (% of GDP)",GC.DOD.TOTL.GD.ZS,..
Mongolia,MNG,Interest payments (% of revenue),GC.XPN.INTP.RV.ZS,..
Mongolia,MNG,Tax revenue (% of GDP),GC.TAX.TOTL.GD.ZS,..
Mongolia,MNG,"Unemployment, total (% of total labor force) (modeled ILO estimate)",SL.UEM.TOTL.ZS,6.69299983978271
Mongolia,MNG,Net migration,SM.POP.NETM,..
Northern Mariana Islands,MNP,Agricultural land (sq. km),AG.LND.AGRI.K2,..
Northern Mariana Islands,MNP,"Central government debt, total (% of GDP)",GC.DOD.TOTL.GD.ZS,..
Northern Mariana Islands,MNP,Interest payments (% of revenue),GC.XPN.INTP.RV.ZS,..
Northern Mariana Islands,MNP,Tax revenue (% of GDP),GC.TAX.TOTL.GD.ZS,..
Northern Mariana Islands,MNP,"Unemployment, total (% of total labor force) (modeled ILO estimate)",SL.UEM.TOTL.ZS,..
Northern Mariana Islands,MNP,Net migration,SM.POP.NETM,..
Mozambique,MOZ,Agricultural land (sq. km),AG.LND.AGRI.K2,..
Mozambique,MOZ,"Central government debt, total (% of GDP)",GC.DOD.TOTL.GD.ZS,..
Mozambique,MOZ,Interest payments (% of revenue),GC.XPN.INTP.RV.ZS,..
Mozambique,MOZ,Tax revenue (% of GDP),GC.TAX.TOTL.GD.ZS,..
Mozambique,MOZ,"Unemployment, total (% of total labor force) (modeled ILO estimate)",SL.UEM.TOTL.ZS,24.3680000305176
Mozambique,MOZ,Net migration,SM.POP.NETM,..
Mauritania,MRT,Agricultural land (sq. km),AG.LND.AGRI.K2,..
Mauritania,MRT,"Central government debt, total (% of GDP)",GC.DOD.TOTL.GD.ZS,..
Mauritania,MRT,Interest payments (% of revenue),GC.XPN.INTP.RV.ZS,..
Mauritania,MRT,Tax revenue (% of GDP),GC.TAX.TOTL.GD.ZS,..
Mauritania,MRT,"Unemployment, total (% of total labor force) (modeled ILO estimate)",SL.UEM.TOTL.ZS,11.6569995880127
Mauritania,MRT,Net migration,SM.POP.NETM,..
Mauritius,MUS,Agricultural land (sq. km),AG.LND.AGRI.K2,..
Mauritius,MUS,"Central government debt, total (% of GDP)",GC.DOD.TOTL.GD.ZS,..
Mauritius,MUS,Interest payments (% of revenue),GC.XPN.INTP.RV.ZS,..
Mauritius,MUS,Tax revenue (% of GDP),GC.TAX.TOTL.GD.ZS,..
Mauritius,MUS,"Unemployment, total (% of total labor force) (modeled ILO estimate)",SL.UEM.TOTL.ZS,7.78299999237061
Mauritius,MUS,Net migration,SM.POP.NETM,..
Malawi,MWI,Agricultural land (sq. km),AG.LND.AGRI.K2,..
Malawi,MWI,"Central government debt, total (% of GDP)",GC.DOD.TOTL.GD.ZS,55.38928454203
Malawi,MWI,Interest payments (% of revenue),GC.XPN.INTP.RV.ZS,16.4213242419492
Malawi,MWI,Tax revenue (% of GDP),GC.TAX.TOTL.GD.ZS,15.5540655309019
Malawi,MWI,"Unemployment, total (% of total labor force) (modeled ILO estimate)",SL.UEM.TOTL.ZS,6.7350001335144
Malawi,MWI,Net migration,SM.POP.NETM,..
Malaysia,MYS,Agricultural land (sq. km),AG.LND.AGRI.K2,..
Malaysia,MYS,"Central government debt, total (% of GDP)",GC.DOD.TOTL.GD.ZS,..
Malaysia,MYS,Interest payments (% of revenue),GC.XPN.INTP.RV.ZS,..
Malaysia,MYS,Tax revenue (% of GDP),GC.TAX.TOTL.GD.ZS,..
Malaysia,MYS,"Unemployment, total (% of total labor force) (modeled ILO estimate)",SL.UEM.TOTL.ZS,3.29800009727478
Malaysia,MYS,Net migration,SM.POP.NETM,..
Namibia,NAM,Agricultural land (sq. km),AG.LND.AGRI.K2,..
Namibia,NAM,"Central government debt, total (% of GDP)",GC.DOD.TOTL.GD.ZS,..
Namibia,NAM,Interest payments (% of revenue),GC.XPN.INTP.RV.ZS,..
Namibia,NAM,Tax revenue (% of GDP),GC.TAX.TOTL.GD.ZS,..
Namibia,NAM,"Unemployment, total (% of total labor force) (modeled ILO estimate)",SL.UEM.TOTL.ZS,25.5879993438721
Namibia,NAM,Net migration,SM.POP.NETM,..
New Caledonia,NCL,Agricultural land (sq. km),AG.LND.AGRI.K2,..
New Caledonia,NCL,"Central government debt, total (% of GDP)",GC.DOD.TOTL.GD.ZS,..
New Caledonia,NCL,Interest payments (% of revenue),GC.XPN.INTP.RV.ZS,..
New Caledonia,NCL,Tax revenue (% of GDP),GC.TAX.TOTL.GD.ZS,..
New Caledonia,NCL,"Unemployment, total (% of total labor force) (modeled ILO estimate)",SL.UEM.TOTL.ZS,14.8610000610352
New Caledonia,NCL,Net migration,SM.POP.NETM,..
Niger,NER,Agricultural land (sq. km),AG.LND.AGRI.K2,..
Niger,NER,"Central government debt, total (% of GDP)",GC.DOD.TOTL.GD.ZS,..
Niger,NER,Interest payments (% of revenue),GC.XPN.INTP.RV.ZS,..
Niger,NER,Tax revenue (% of GDP),GC.TAX.TOTL.GD.ZS,..
Niger,NER,"Unemployment, total (% of total labor force) (modeled ILO estimate)",SL.UEM.TOTL.ZS,2.6340000629425
Niger,NER,Net migration,SM.POP.NETM,..
Nigeria,NGA,Agricultural land (sq. km),AG.LND.AGRI.K2,..
Nigeria,NGA,"Central government debt, total (% of GDP)",GC.DOD.TOTL.GD.ZS,..
Nigeria,NGA,Interest payments (% of revenue),GC.XPN.INTP.RV.ZS,..
Nigeria,NGA,Tax revenue (% of GDP),GC.TAX.TOTL.GD.ZS,..
Nigeria,NGA,"Unemployment, total (% of total labor force) (modeled ILO estimate)",SL.UEM.TOTL.ZS,5.00500011444092
Nigeria,NGA,Net migration,SM.POP.NETM,..
Nicaragua,NIC,Agricultural land (sq. km),AG.LND.AGRI.K2,..
Nicaragua,NIC,"Central government debt, total (% of GDP)",GC.DOD.TOTL.GD.ZS,..
Nicaragua,NIC,Interest payments (% of revenue),GC.XPN.INTP.RV.ZS,..
Nicaragua,NIC,Tax revenue (% of GDP),GC.TAX.TOTL.GD.ZS,..
Nicaragua,NIC,"Unemployment, total (% of total labor force) (modeled ILO estimate)",SL.UEM.TOTL.ZS,5.89200019836426
Nicaragua,NIC,Net migration,SM.POP.NETM,..
Netherlands,NLD,Agricultural land (sq. km),AG.LND.AGRI.K2,..
Netherlands,NLD,"Central government debt, total (% of GDP)",GC.DOD.TOTL.GD.ZS,..
Netherlands,NLD,Interest payments (% of revenue),GC.XPN.INTP.RV.ZS,..
Netherlands,NLD,Tax revenue (% of GDP),GC.TAX.TOTL.GD.ZS,..
Netherlands,NLD,"Unemployment, total (% of total labor force) (modeled ILO estimate)",SL.UEM.TOTL.ZS,6.16599988937378
Netherlands,NLD,Net migration,SM.POP.NETM,..
Norway,NOR,Agricultural land (sq. km),AG.LND.AGRI.K2,..
Norway,NOR,"Central government debt, total (% of GDP)",GC.DOD.TOTL.GD.ZS,..
Norway,NOR,Interest payments (% of revenue),GC.XPN.INTP.RV.ZS,..
Norway,NOR,Tax revenue (% of GDP),GC.TAX.TOTL.GD.ZS,..
Norway,NOR,"Unemployment, total (% of total labor force) (modeled ILO estimate)",SL.UEM.TOTL.ZS,4.80600023269653
Norway,NOR,Net migration,SM.POP.NETM,..
Nepal,NPL,Agricultural land (sq. km),AG.LND.AGRI.K2,..
Nepal,NPL,"Central government debt, total (% of GDP)",GC.DOD.TOTL.GD.ZS,..
Nepal,NPL,Interest payments (% of revenue),GC.XPN.INTP.RV.ZS,1.68280664236543
Nepal,NPL,Tax revenue (% of GDP),GC.TAX.TOTL.GD.ZS,18.654472082919
Nepal,NPL,"Unemployment, total (% of total labor force) (modeled ILO estimate)",SL.UEM.TOTL.ZS,3.21300005912781
Nepal,NPL,Net migration,SM.POP.NETM,..
Nauru,NRU,Agricultural land (sq. km),AG.LND.AGRI.K2,..
Nauru,NRU,"Central government debt, total (% of GDP)",GC.DOD.TOTL.GD.ZS,..
Nauru,NRU,Interest payments (% of revenue),GC.XPN.INTP.RV.ZS,..
Nauru,NRU,Tax revenue (% of GDP),GC.TAX.TOTL.GD.ZS,..
Nauru,NRU,"Unemployment, total (% of total labor force) (modeled ILO estimate)",SL.UEM.TOTL.ZS,..
Nauru,NRU,Net migration,SM.POP.NETM,..
New Zealand,NZL,Agricultural land (sq. km),AG.LND.AGRI.K2,..
New Zealand,NZL,"Central government debt, total (% of GDP)",GC.DOD.TOTL.GD.ZS,..
New Zealand,NZL,Interest payments (% of revenue),GC.XPN.INTP.RV.ZS,..
New Zealand,NZL,Tax revenue (% of GDP),GC.TAX.TOTL.GD.ZS,..
New Zealand,NZL,"Unemployment, total (% of total labor force) (modeled ILO estimate)",SL.UEM.TOTL.ZS,5.24599981307983
New Zealand,NZL,Net migration,SM.POP.NETM,..
Oman,OMN,Agricultural land (sq. km),AG.LND.AGRI.K2,..
Oman,OMN,"Central government debt, total (% of GDP)",GC.DOD.TOTL.GD.ZS,..
Oman,OMN,Interest payments (% of revenue),GC.XPN.INTP.RV.ZS,..
Oman,OMN,Tax revenue (% of GDP),GC.TAX.TOTL.GD.ZS,..
Oman,OMN,"Unemployment, total (% of total labor force) (modeled ILO estimate)",SL.UEM.TOTL.ZS,17.5219993591309
Oman,OMN,Net migration,SM.POP.NETM,..
Pakistan,PAK,Agricultural land (sq. km),AG.LND.AGRI.K2,..
Pakistan,PAK,"Central government debt, total (% of GDP)",GC.DOD.TOTL.GD.ZS,..
Pakistan,PAK,Interest payments (% of revenue),GC.XPN.INTP.RV.ZS,..
Pakistan,PAK,Tax revenue (% of GDP),GC.TAX.TOTL.GD.ZS,..
Pakistan,PAK,"Unemployment, total (% of total labor force) (modeled ILO estimate)",SL.UEM.TOTL.ZS,5.86999988555908
Pakistan,PAK,Net migration,SM.POP.NETM,..
Panama,PAN,Agricultural land (sq. km),AG.LND.AGRI.K2,..
Panama,PAN,"Central government debt, total (% of GDP)",GC.DOD.TOTL.GD.ZS,..
Panama,PAN,Interest payments (% of revenue),GC.XPN.INTP.RV.ZS,..
Panama,PAN,Tax revenue (% of GDP),GC.TAX.TOTL.GD.ZS,..
Panama,PAN,"Unemployment, total (% of total labor force) (modeled ILO estimate)",SL.UEM.TOTL.ZS,5.81500005722046
Panama,PAN,Net migration,SM.POP.NETM,..
Peru,PER,Agricultural land (sq. km),AG.LND.AGRI.K2,..
Peru,PER,"Central government debt, total (% of GDP)",GC.DOD.TOTL.GD.ZS,..
Peru,PER,Interest payments (% of revenue),GC.XPN.INTP.RV.ZS,..
Peru,PER,Tax revenue (% of GDP),GC.TAX.TOTL.GD.ZS,..
Peru,PER,"Unemployment, total (% of total labor force) (modeled ILO estimate)",SL.UEM.TOTL.ZS,4.94600009918213
Peru,PER,Net migration,SM.POP.NETM,..
Philippines,PHL,Agricultural land (sq. km),AG.LND.AGRI.K2,..
Philippines,PHL,"Central government debt, total (% of GDP)",GC.DOD.TOTL.GD.ZS,..
Philippines,PHL,Interest payments (% of revenue),GC.XPN.INTP.RV.ZS,..
Philippines,PHL,Tax revenue (% of GDP),GC.TAX.TOTL.GD.ZS,..
Philippines,PHL,"Unemployment, total (% of total labor force) (modeled ILO estimate)",SL.UEM.TOTL.ZS,5.87599992752075
Philippines,PHL,Net migration,SM.POP.NETM,..
Palau,PLW,Agricultural land (sq. km),AG.LND.AGRI.K2,..
Palau,PLW,"Central government debt, total (% of GDP)",GC.DOD.TOTL.GD.ZS,..
Palau,PLW,Interest payments (% of revenue),GC.XPN.INTP.RV.ZS,..
Palau,PLW,Tax revenue (% of GDP),GC.TAX.TOTL.GD.ZS,..
Palau,PLW,"Unemployment, total (% of total labor force) (modeled ILO estimate)",SL.UEM.TOTL.ZS,..
Palau,PLW,Net migration,SM.POP.NETM,..
Papua New Guinea,PNG,Agricultural land (sq. km),AG.LND.AGRI.K2,..
Papua New Guinea,PNG,"Central government debt, total (% of GDP)",GC.DOD.TOTL.GD.ZS,..
Papua New Guinea,PNG,Interest payments (% of revenue),GC.XPN.INTP.RV.ZS,..
Papua New Guinea,PNG,Tax revenue (% of GDP),GC.TAX.TOTL.GD.ZS,..
Papua New Guinea,PNG,"Unemployment, total (% of total labor force) (modeled ILO estimate)",SL.UEM.TOTL.ZS,2.48900008201599
Papua New Guinea,PNG,Net migration,SM.POP.NETM,..
Poland,POL,Agricultural land (sq. km),AG.LND.AGRI.K2,..
Poland,POL,"Central government debt, total (% of GDP)",GC.DOD.TOTL.GD.ZS,..
Poland,POL,Interest payments (% of revenue),GC.XPN.INTP.RV.ZS,..
Poland,POL,Tax revenue (% of GDP),GC.TAX.TOTL.GD.ZS,..
Poland,POL,"Unemployment, total (% of total labor force) (modeled ILO estimate)",SL.UEM.TOTL.ZS,6.18300008773804
Poland,POL,Net migration,SM.POP.NETM,..
Puerto Rico,PRI,Agricultural land (sq. km),AG.LND.AGRI.K2,..
Puerto Rico,PRI,"Central government debt, total (% of GDP)",GC.DOD.TOTL.GD.ZS,..
Puerto Rico,PRI,Interest payments (% of revenue),GC.XPN.INTP.RV.ZS,..
Puerto Rico,PRI,Tax revenue (% of GDP),GC.TAX.TOTL.GD.ZS,..
Puerto Rico,PRI,"Unemployment, total (% of total labor force) (modeled ILO estimate)",SL.UEM.TOTL.ZS,12.6269998550415
Puerto Rico,PRI,Net migration,SM.POP.NETM,..
"Korea, Dem. People’s Rep.",PRK,Agricultural land (sq. km),AG.LND.AGRI.K2,..
"Korea, Dem. People’s Rep.",PRK,"Central government debt, total (% of GDP)",GC.DOD.TOTL.GD.ZS,..
"Korea, Dem. People’s Rep.",PRK,Interest payments (% of revenue),GC.XPN.INTP.RV.ZS,..
"Korea, Dem. People’s Rep.",PRK,Tax revenue (% of GDP),GC.TAX.TOTL.GD.ZS,..
"Korea, Dem. People’s Rep.",PRK,"Unemployment, total (% of total labor force) (modeled ILO estimate)",SL.UEM.TOTL.ZS,4.27600002288818
"Korea, Dem. People’s Rep.",PRK,Net migration,SM.POP.NETM,..
Portugal,PRT,Agricultural land (sq. km),AG.LND.AGRI.K2,..
Portugal,PRT,"Central government debt, total (% of GDP)",GC.DOD.TOTL.GD.ZS,..
Portugal,PRT,Interest payments (% of revenue),GC.XPN.INTP.RV.ZS,..
Portugal,PRT,Tax revenue (% of GDP),GC.TAX.TOTL.GD.ZS,..
Portugal,PRT,"Unemployment, total (% of total labor force) (modeled ILO estimate)",SL.UEM.TOTL.ZS,11.1599998474121
Portugal,PRT,Net migration,SM.POP.NETM,..
Paraguay,PRY,Agricultural land (sq. km),AG.LND.AGRI.K2,..
Paraguay,PRY,"Central government debt, total (% of GDP)",GC.DOD.TOTL.GD.ZS,..
Paraguay,PRY,Interest payments (% of revenue),GC.XPN.INTP.RV.ZS,..
Paraguay,PRY,Tax revenue (% of GDP),GC.TAX.TOTL.GD.ZS,..
Paraguay,PRY,"Unemployment, total (% of total labor force) (modeled ILO estimate)",SL.UEM.TOTL.ZS,5.43699979782104
Paraguay,PRY,Net migration,SM.POP.NETM,..
West Bank and Gaza,PSE,Agricultural land (sq. km),AG.LND.AGRI.K2,..
West Bank and Gaza,PSE,"Central government debt, total (% of GDP)",GC.DOD.TOTL.GD.ZS,..
West Bank and Gaza,PSE,Interest payments (% of revenue),GC.XPN.INTP.RV.ZS,..
West Bank and Gaza,PSE,Tax revenue (% of GDP),GC.TAX.TOTL.GD.ZS,..
West Bank and Gaza,PSE,"Unemployment, total (% of total labor force) (modeled ILO estimate)",SL.UEM.TOTL.ZS,24.9389991760254
West Bank and Gaza,PSE,Net migration,SM.POP.NETM,..
French Polynesia,PYF,Agricultural land (sq. km),AG.LND.AGRI.K2,..
French Polynesia,PYF,"Central government debt, total (% of GDP)",GC.DOD.TOTL.GD.ZS,..
French Polynesia,PYF,Interest payments (% of revenue),GC.XPN.INTP.RV.ZS,..
French Polynesia,PYF,Tax revenue (% of GDP),GC.TAX.TOTL.GD.ZS,..
French Polynesia,PYF,"Unemployment, total (% of total labor force) (modeled ILO estimate)",SL.UEM.TOTL.ZS,17.8980007171631
French Polynesia,PYF,Net migration,SM.POP.NETM,..
Qatar,QAT,Agricultural land (sq. km),AG.LND.AGRI.K2,..
Qatar,QAT,"Central government debt, total (% of GDP)",GC.DOD.TOTL.GD.ZS,..
Qatar,QAT,Interest payments (% of revenue),GC.XPN.INTP.RV.ZS,..
Qatar,QAT,Tax revenue (% of GDP),GC.TAX.TOTL.GD.ZS,..
Qatar,QAT,"Unemployment, total (% of total labor force) (modeled ILO estimate)",SL.UEM.TOTL.ZS,0.226999998092651
Qatar,QAT,Net migration,SM.POP.NETM,..
Romania,ROU,Agricultural land (sq. km),AG.LND.AGRI.K2,..
Romania,ROU,"Central government debt, total (% of GDP)",GC.DOD.TOTL.GD.ZS,..
Romania,ROU,Interest payments (% of revenue),GC.XPN.INTP.RV.ZS,..
Romania,ROU,Tax revenue (% of GDP),GC.TAX.TOTL.GD.ZS,..
Romania,ROU,"Unemployment, total (% of total labor force) (modeled ILO estimate)",SL.UEM.TOTL.ZS,6.4210000038147
Romania,ROU,Net migration,SM.POP.NETM,..
Russian Federation,RUS,Agricultural land (sq. km),AG.LND.AGRI.K2,..
Russian Federation,RUS,"Central government debt, total (% of GDP)",GC.DOD.TOTL.GD.ZS,..
Russian Federation,RUS,Interest payments (% of revenue),GC.XPN.INTP.RV.ZS,..
Russian Federation,RUS,Tax revenue (% of GDP),GC.TAX.TOTL.GD.ZS,..
Russian Federation,RUS,"Unemployment, total (% of total labor force) (modeled ILO estimate)",SL.UEM.TOTL.ZS,5.72300004959106
Russian Federation,RUS,Net migration,SM.POP.NETM,..
Rwanda,RWA,Agricultural land (sq. km),AG.LND.AGRI.K2,..
Rwanda,RWA,"Central government debt, total (% of GDP)",GC.DOD.TOTL.GD.ZS,..
Rwanda,RWA,Interest payments (% of revenue),GC.XPN.INTP.RV.ZS,..
Rwanda,RWA,Tax revenue (% of GDP),GC.TAX.TOTL.GD.ZS,..
Rwanda,RWA,"Unemployment, total (% of total labor force) (modeled ILO estimate)",SL.UEM.TOTL.ZS,2.52699995040894
Rwanda,RWA,Net migration,SM.POP.NETM,..
Saudi Arabia,SAU,Agricultural land (sq. km),AG.LND.AGRI.K2,..
Saudi Arabia,SAU,"Central government debt, total (% of GDP)",GC.DOD.TOTL.GD.ZS,..
Saudi Arabia,SAU,Interest payments (% of revenue),GC.XPN.INTP.RV.ZS,..
Saudi Arabia,SAU,Tax revenue (% of GDP),GC.TAX.TOTL.GD.ZS,..
Saudi Arabia,SAU,"Unemployment, total (% of total labor force) (modeled ILO estimate)",SL.UEM.TOTL.ZS,5.52899980545044
Saudi Arabia,SAU,Net migration,SM.POP.NETM,..
Sudan,SDN,Agricultural land (sq. km),AG.LND.AGRI.K2,..
Sudan,SDN,"Central government debt, total (% of GDP)",GC.DOD.TOTL.GD.ZS,..
Sudan,SDN,Interest payments (% of revenue),GC.XPN.INTP.RV.ZS,..
Sudan,SDN,Tax revenue (% of GDP),GC.TAX.TOTL.GD.ZS,..
Sudan,SDN,"Unemployment, total (% of total labor force) (modeled ILO estimate)",SL.UEM.TOTL.ZS,13.3020000457764
Sudan,SDN,Net migration,SM.POP.NETM,..
Senegal,SEN,Agricultural land (sq. km),AG.LND.AGRI.K2,..
Senegal,SEN,"Central government debt, total (% of GDP)",GC.DOD.TOTL.GD.ZS,..
Senegal,SEN,Interest payments (% of revenue),GC.XPN.INTP.RV.ZS,..
Senegal,SEN,Tax revenue (% of GDP),GC.TAX.TOTL.GD.ZS,..
Senegal,SEN,"Unemployment, total (% of total labor force) (modeled ILO estimate)",SL.UEM.TOTL.ZS,9.48200035095215
Senegal,SEN,Net migration,SM.POP.NETM,..
Singapore,SGP,Agricultural land (sq. km),AG.LND.AGRI.K2,..
Singapore,SGP,"Central government debt, total (% of GDP)",GC.DOD.TOTL.GD.ZS,..
Singapore,SGP,Interest payments (% of revenue),GC.XPN.INTP.RV.ZS,..
Singapore,SGP,Tax revenue (% of GDP),GC.TAX.TOTL.GD.ZS,..
Singapore,SGP,"Unemployment, total (% of total labor force) (modeled ILO estimate)",SL.UEM.TOTL.ZS,1.8289999961853
Singapore,SGP,Net migration,SM.POP.NETM,..
Solomon Islands,SLB,Agricultural land (sq. km),AG.LND.AGRI.K2,..
Solomon Islands,SLB,"Central government debt, total (% of GDP)",GC.DOD.TOTL.GD.ZS,..
Solomon Islands,SLB,Interest payments (% of revenue),GC.XPN.INTP.RV.ZS,..
Solomon Islands,SLB,Tax revenue (% of GDP),GC.TAX.TOTL.GD.ZS,..
Solomon Islands,SLB,"Unemployment, total (% of total labor force) (modeled ILO estimate)",SL.UEM.TOTL.ZS,31.4260005950928
Solomon Islands,SLB,Net migration,SM.POP.NETM,..
Sierra Leone,SLE,Agricultural land (sq. km),AG.LND.AGRI.K2,..
Sierra Leone,SLE,"Central government debt, total (% of GDP)",GC.DOD.TOTL.GD.ZS,..
Sierra Leone,SLE,Interest payments (% of revenue),GC.XPN.INTP.RV.ZS,..
Sierra Leone,SLE,Tax revenue (% of GDP),GC.TAX.TOTL.GD.ZS,..
Sierra Leone,SLE,"Unemployment, total (% of total labor force) (modeled ILO estimate)",SL.UEM.TOTL.ZS,2.99499988555908
Sierra Leone,SLE,Net migration,SM.POP.NETM,..
El Salvador,SLV,Agricultural land (sq. km),AG.LND.AGRI.K2,..
El Salvador,SLV,"Central government debt, total (% of GDP)",GC.DOD.TOTL.GD.ZS,..
El Salvador,SLV,Interest payments (% of revenue),GC.XPN.INTP.RV.ZS,..
El Salvador,SLV,Tax revenue (% of GDP),GC.TAX.TOTL.GD.ZS,..
El Salvador,SLV,"Unemployment, total (% of total labor force) (modeled ILO estimate)",SL.UEM.TOTL.ZS,6.28700017929077
El Salvador,SLV,Net migration,SM.POP.NETM,..
San Marino,SMR,Agricultural land (sq. km),AG.LND.AGRI.K2,..
San Marino,SMR,"Central government debt, total (% of GDP)",GC.DOD.TOTL.GD.ZS,..
San Marino,SMR,Interest payments (% of revenue),GC.XPN.INTP.RV.ZS,..
San Marino,SMR,Tax revenue (% of GDP),GC.TAX.TOTL.GD.ZS,..
San Marino,SMR,"Unemployment, total (% of total labor force) (modeled ILO estimate)",SL.UEM.TOTL.ZS,..
San Marino,SMR,Net migration,SM.POP.NETM,..
Somalia,SOM,Agricultural land (sq. km),AG.LND.AGRI.K2,..
Somalia,SOM,"Central government debt, total (% of GDP)",GC.DOD.TOTL.GD.ZS,..
Somalia,SOM,Interest payments (% of revenue),GC.XPN.INTP.RV.ZS,..
Somalia,SOM,Tax revenue (% of GDP),GC.TAX.TOTL.GD.ZS,..
Somalia,SOM,"Unemployment, total (% of total labor force) (modeled ILO estimate)",SL.UEM.TOTL.ZS,6.61999988555908
Somalia,SOM,Net migration,SM.POP.NETM,..
Serbia,SRB,Agricultural land (sq. km),AG.LND.AGRI.K2,..
Serbia,SRB,"Central government debt, total (% of GDP)",GC.DOD.TOTL.GD.ZS,..
Serbia,SRB,Interest payments (% of revenue),GC.XPN.INTP.RV.ZS,..
Serbia,SRB,Tax revenue (% of GDP),GC.TAX.TOTL.GD.ZS,..
Serbia,SRB,"Unemployment, total (% of total labor force) (modeled ILO estimate)",SL.UEM.TOTL.ZS,16.5300006866455
Serbia,SRB,Net migration,SM.POP.NETM,..
South Sudan,SSD,Agricultural land (sq. km),AG.LND.AGRI.K2,..
South Sudan,SSD,"Central government debt, total (% of GDP)",GC.DOD.TOTL.GD.ZS,..
South Sudan,SSD,Interest payments (% of revenue),GC.XPN.INTP.RV.ZS,..
South Sudan,SSD,Tax revenue (% of GDP),GC.TAX.TOTL.GD.ZS,..
South Sudan,SSD,"Unemployment, total (% of total labor force) (modeled ILO estimate)",SL.UEM.TOTL.ZS,..
South Sudan,SSD,Net migration,SM.POP.NETM,..
Sao Tome and Principe,STP,Agricultural land (sq. km),AG.LND.AGRI.K2,..
Sao Tome and Principe,STP,"Central government debt, total (% of GDP)",GC.DOD.TOTL.GD.ZS,..
Sao Tome and Principe,STP,Interest payments (% of revenue),GC.XPN.INTP.RV.ZS,..
Sao Tome and Principe,STP,Tax revenue (% of GDP),GC.TAX.TOTL.GD.ZS,..
Sao Tome and Principe,STP,"Unemployment, total (% of total labor force) (modeled ILO estimate)",SL.UEM.TOTL.ZS,13.5979995727539
Sao Tome and Principe,STP,Net migration,SM.POP.NETM,..
Suriname,SUR,Agricultural land (sq. km),AG.LND.AGRI.K2,..
Suriname,SUR,"Central government debt, total (% of GDP)",GC.DOD.TOTL.GD.ZS,..
Suriname,SUR,Interest payments (% of revenue),GC.XPN.INTP.RV.ZS,..
Suriname,SUR,Tax revenue (% of GDP),GC.TAX.TOTL.GD.ZS,..
Suriname,SUR,"Unemployment, total (% of total labor force) (modeled ILO estimate)",SL.UEM.TOTL.ZS,9.98200035095215
Suriname,SUR,Net migration,SM.POP.NETM,..
Slovak Republic,SVK,Agricultural land (sq. km),AG.LND.AGRI.K2,..
Slovak Republic,SVK,"Central government debt, total (% of GDP)",GC.DOD.TOTL.GD.ZS,..
Slovak Republic,SVK,Interest payments (% of revenue),GC.XPN.INTP.RV.ZS,..
Slovak Republic,SVK,Tax revenue (% of GDP),GC.TAX.TOTL.GD.ZS,..
Slovak Republic,SVK,"Unemployment, total (% of total labor force) (modeled ILO estimate)",SL.UEM.TOTL.ZS,9.99100017547607
Slovak Republic,SVK,Net migration,SM.POP.NETM,..
Slovenia,SVN,Agricultural land (sq. km),AG.LND.AGRI.K2,..
Slovenia,SVN,"Central government debt, total (% of GDP)",GC.DOD.TOTL.GD.ZS,..
Slovenia,SVN,Interest payments (% of revenue),GC.XPN.INTP.RV.ZS,..
Slovenia,SVN,Tax revenue (% of GDP),GC.TAX.TOTL.GD.ZS,..
Slovenia,SVN,"Unemployment, total (% of total labor force) (modeled ILO estimate)",SL.UEM.TOTL.ZS,8.69299983978271
Slovenia,SVN,Net migration,SM.POP.NETM,..
Sweden,SWE,Agricultural land (sq. km),AG.LND.AGRI.K2,..
Sweden,SWE,"Central government debt, total (% of GDP)",GC.DOD.TOTL.GD.ZS,..
Sweden,SWE,Interest payments (% of revenue),GC.XPN.INTP.RV.ZS,..
Sweden,SWE,Tax revenue (% of GDP),GC.TAX.TOTL.GD.ZS,..
Sweden,SWE,"Unemployment, total (% of total labor force) (modeled ILO estimate)",SL.UEM.TOTL.ZS,7.09299993515015
Sweden,SWE,Net migration,SM.POP.NETM,..
Swaziland,SWZ,Agricultural land (sq. km),AG.LND.AGRI.K2,..
Swaziland,SWZ,"Central government debt, total (% of GDP)",GC.DOD.TOTL.GD.ZS,..
Swaziland,SWZ,Interest payments (% of revenue),GC.XPN.INTP.RV.ZS,..
Swaziland,SWZ,Tax revenue (% of GDP),GC.TAX.TOTL.GD.ZS,..
Swaziland,SWZ,"Unemployment, total (% of total labor force) (modeled ILO estimate)",SL.UEM.TOTL.ZS,25.2810001373291
Swaziland,SWZ,Net migration,SM.POP.NETM,..
Sint Maarten (Dutch part),SXM,Agricultural land (sq. km),AG.LND.AGRI.K2,..
Sint Maarten (Dutch part),SXM,"Central government debt, total (% of GDP)",GC.DOD.TOTL.GD.ZS,..
Sint Maarten (Dutch part),SXM,Interest payments (% of revenue),GC.XPN.INTP.RV.ZS,..
Sint Maarten (Dutch part),SXM,Tax revenue (% of GDP),GC.TAX.TOTL.GD.ZS,..
Sint Maarten (Dutch part),SXM,"Unemployment, total (% of total labor force) (modeled ILO estimate)",SL.UEM.TOTL.ZS,..
Sint Maarten (Dutch part),SXM,Net migration,SM.POP.NETM,..
Seychelles,SYC,Agricultural land (sq. km),AG.LND.AGRI.K2,..
Seychelles,SYC,"Central government debt, total (% of GDP)",GC.DOD.TOTL.GD.ZS,..
Seychelles,SYC,Interest payments (% of revenue),GC.XPN.INTP.RV.ZS,..
Seychelles,SYC,Tax revenue (% of GDP),GC.TAX.TOTL.GD.ZS,..
Seychelles,SYC,"Unemployment, total (% of total labor force) (modeled ILO estimate)",SL.UEM.TOTL.ZS,..
Seychelles,SYC,Net migration,SM.POP.NETM,..
Syrian Arab Republic,SYR,Agricultural land (sq. km),AG.LND.AGRI.K2,..
Syrian Arab Republic,SYR,"Central government debt, total (% of GDP)",GC.DOD.TOTL.GD.ZS,..
Syrian Arab Republic,SYR,Interest payments (% of revenue),GC.XPN.INTP.RV.ZS,..
Syrian Arab Republic,SYR,Tax revenue (% of GDP),GC.TAX.TOTL.GD.ZS,..
Syrian Arab Republic,SYR,"Unemployment, total (% of total labor force) (modeled ILO estimate)",SL.UEM.TOTL.ZS,14.3120002746582
Syrian Arab Republic,SYR,Net migration,SM.POP.NETM,..
Turks and Caicos Islands,TCA,Agricultural land (sq. km),AG.LND.AGRI.K2,..
Turks and Caicos Islands,TCA,"Central government debt, total (% of GDP)",GC.DOD.TOTL.GD.ZS,..
Turks and Caicos Islands,TCA,Interest payments (% of revenue),GC.XPN.INTP.RV.ZS,..
Turks and Caicos Islands,TCA,Tax revenue (% of GDP),GC.TAX.TOTL.GD.ZS,..
Turks and Caicos Islands,TCA,"Unemployment, total (% of total labor force) (modeled ILO estimate)",SL.UEM.TOTL.ZS,..
Turks and Caicos Islands,TCA,Net migration,SM.POP.NETM,..
Chad,TCD,Agricultural land (sq. km),AG.LND.AGRI.K2,..
Chad,TCD,"Central government debt, total (% of GDP)",GC.DOD.TOTL.GD.ZS,..
Chad,TCD,Interest payments (% of revenue),GC.XPN.INTP.RV.ZS,..
Chad,TCD,Tax revenue (% of GDP),GC.TAX.TOTL.GD.ZS,..
Chad,TCD,"Unemployment, total (% of total labor force) (modeled ILO estimate)",SL.UEM.TOTL.ZS,5.78499984741211
Chad,TCD,Net migration,SM.POP.NETM,..
Togo,TGO,Agricultural land (sq. km),AG.LND.AGRI.K2,..
Togo,TGO,"Central government debt, total (% of GDP)",GC.DOD.TOTL.GD.ZS,..
Togo,TGO,Interest payments (% of revenue),GC.XPN.INTP.RV.ZS,..
Togo,TGO,Tax revenue (% of GDP),GC.TAX.TOTL.GD.ZS,..
Togo,TGO,"Unemployment, total (% of total labor force) (modeled ILO estimate)",SL.UEM.TOTL.ZS,6.79400014877319
Togo,TGO,Net migration,SM.POP.NETM,..
Thailand,THA,Agricultural land (sq. km),AG.LND.AGRI.K2,..
Thailand,THA,"Central government debt, total (% of GDP)",GC.DOD.TOTL.GD.ZS,..
Thailand,THA,Interest payments (% of revenue),GC.XPN.INTP.RV.ZS,..
Thailand,THA,Tax revenue (% of GDP),GC.TAX.TOTL.GD.ZS,..
Thailand,THA,"Unemployment, total (% of total labor force) (modeled ILO estimate)",SL.UEM.TOTL.ZS,0.625999987125397
Thailand,THA,Net migration,SM.POP.NETM,..
Tajikistan,TJK,Agricultural land (sq. km),AG.LND.AGRI.K2,..
Tajikistan,TJK,"Central government debt, total (% of GDP)",GC.DOD.TOTL.GD.ZS,..
Tajikistan,TJK,Interest payments (% of revenue),GC.XPN.INTP.RV.ZS,..
Tajikistan,TJK,Tax revenue (% of GDP),GC.TAX.TOTL.GD.ZS,..
Tajikistan,TJK,"Unemployment, total (% of total labor force) (modeled ILO estimate)",SL.UEM.TOTL.ZS,10.8190002441406
Tajikistan,TJK,Net migration,SM.POP.NETM,..
Turkmenistan,TKM,Agricultural land (sq. km),AG.LND.AGRI.K2,..
Turkmenistan,TKM,"Central government debt, total (% of GDP)",GC.DOD.TOTL.GD.ZS,..
Turkmenistan,TKM,Interest payments (% of revenue),GC.XPN.INTP.RV.ZS,..
Turkmenistan,TKM,Tax revenue (% of GDP),GC.TAX.TOTL.GD.ZS,..
Turkmenistan,TKM,"Unemployment, total (% of total labor force) (modeled ILO estimate)",SL.UEM.TOTL.ZS,8.61800003051758
Turkmenistan,TKM,Net migration,SM.POP.NETM,..
Timor-Leste,TLS,Agricultural land (sq. km),AG.LND.AGRI.K2,..
Timor-Leste,TLS,"Central government debt, total (% of GDP)",GC.DOD.TOTL.GD.ZS,..
Timor-Leste,TLS,Interest payments (% of revenue),GC.XPN.INTP.RV.ZS,..
Timor-Leste,TLS,Tax revenue (% of GDP),GC.TAX.TOTL.GD.ZS,..
Timor-Leste,TLS,"Unemployment, total (% of total labor force) (modeled ILO estimate)",SL.UEM.TOTL.ZS,4.01900005340576
Timor-Leste,TLS,Net migration,SM.POP.NETM,..
Tonga,TON,Agricultural land (sq. km),AG.LND.AGRI.K2,..
Tonga,TON,"Central government debt, total (% of GDP)",GC.DOD.TOTL.GD.ZS,..
Tonga,TON,Interest payments (% of revenue),GC.XPN.INTP.RV.ZS,..
Tonga,TON,Tax revenue (% of GDP),GC.TAX.TOTL.GD.ZS,..
Tonga,TON,"Unemployment, total (% of total labor force) (modeled ILO estimate)",SL.UEM.TOTL.ZS,4.86499977111816
Tonga,TON,Net migration,SM.POP.NETM,..
Trinidad and Tobago,TTO,Agricultural land (sq. km),AG.LND.AGRI.K2,..
Trinidad and Tobago,TTO,"Central government debt, total (% of GDP)",GC.DOD.TOTL.GD.ZS,..
Trinidad and Tobago,TTO,Interest payments (% of revenue),GC.XPN.INTP.RV.ZS,..
Trinidad and Tobago,TTO,Tax revenue (% of GDP),GC.TAX.TOTL.GD.ZS,..
Trinidad and Tobago,TTO,"Unemployment, total (% of total labor force) (modeled ILO estimate)",SL.UEM.TOTL.ZS,3.8529999256134
Trinidad and Tobago,TTO,Net migration,SM.POP.NETM,..
Tunisia,TUN,Agricultural land (sq. km),AG.LND.AGRI.K2,..
Tunisia,TUN,"Central government debt, total (% of GDP)",GC.DOD.TOTL.GD.ZS,..
Tunisia,TUN,Interest payments (% of revenue),GC.XPN.INTP.RV.ZS,..
Tunisia,TUN,Tax revenue (% of GDP),GC.TAX.TOTL.GD.ZS,..
Tunisia,TUN,"Unemployment, total (% of total labor force) (modeled ILO estimate)",SL.UEM.TOTL.ZS,14.78600025177
Tunisia,TUN,Net migration,SM.POP.NETM,..
Turkey,TUR,Agricultural land (sq. km),AG.LND.AGRI.K2,..
Turkey,TUR,"Central government debt, total (% of GDP)",GC.DOD.TOTL.GD.ZS,..
Turkey,TUR,Interest payments (% of revenue),GC.XPN.INTP.RV.ZS,..
Turkey,TUR,Tax revenue (% of GDP),GC.TAX.TOTL.GD.ZS,..
Turkey,TUR,"Unemployment, total (% of total labor force) (modeled ILO estimate)",SL.UEM.TOTL.ZS,10.3290004730225
Turkey,TUR,Net migration,SM.POP.NETM,..
Tuvalu,TUV,Agricultural land (sq. km),AG.LND.AGRI.K2,..
Tuvalu,TUV,"Central government debt, total (% of GDP)",GC.DOD.TOTL.GD.ZS,..
Tuvalu,TUV,Interest payments (% of revenue),GC.XPN.INTP.RV.ZS,..
Tuvalu,TUV,Tax revenue (% of GDP),GC.TAX.TOTL.GD.ZS,..
Tuvalu,TUV,"Unemployment, total (% of total labor force) (modeled ILO estimate)",SL.UEM.TOTL.ZS,..
Tuvalu,TUV,Net migration,SM.POP.NETM,..
Tanzania,TZA,Agricultural land (sq. km),AG.LND.AGRI.K2,..
Tanzania,TZA,"Central government debt, total (% of GDP)",GC.DOD.TOTL.GD.ZS,..
Tanzania,TZA,Interest payments (% of revenue),GC.XPN.INTP.RV.ZS,10.4299208559005
Tanzania,TZA,Tax revenue (% of GDP),GC.TAX.TOTL.GD.ZS,11.8745111682875
Tanzania,TZA,"Unemployment, total (% of total labor force) (modeled ILO estimate)",SL.UEM.TOTL.ZS,2.61899995803833
Tanzania,TZA,Net migration,SM.POP.NETM,..
Uganda,UGA,Agricultural land (sq. km),AG.LND.AGRI.K2,..
Uganda,UGA,"Central government debt, total (% of GDP)",GC.DOD.TOTL.GD.ZS,..
Uganda,UGA,Interest payments (% of revenue),GC.XPN.INTP.RV.ZS,..
Uganda,UGA,Tax revenue (% of GDP),GC.TAX.TOTL.GD.ZS,..
Uganda,UGA,"Unemployment, total (% of total labor force) (modeled ILO estimate)",SL.UEM.TOTL.ZS,2.28099989891052
Uganda,UGA,Net migration,SM.POP.NETM,..
Ukraine,UKR,Agricultural land (sq. km),AG.LND.AGRI.K2,..
Ukraine,UKR,"Central government debt, total (% of GDP)",GC.DOD.TOTL.GD.ZS,..
Ukraine,UKR,Interest payments (% of revenue),GC.XPN.INTP.RV.ZS,..
Ukraine,UKR,Tax revenue (% of GDP),GC.TAX.TOTL.GD.ZS,..
Ukraine,UKR,"Unemployment, total (% of total labor force) (modeled ILO estimate)",SL.UEM.TOTL.ZS,8.87399959564209
Ukraine,UKR,Net migration,SM.POP.NETM,..
Uruguay,URY,Agricultural land (sq. km),AG.LND.AGRI.K2,..
Uruguay,URY,"Central government debt, total (% of GDP)",GC.DOD.TOTL.GD.ZS,..
Uruguay,URY,Interest payments (% of revenue),GC.XPN.INTP.RV.ZS,..
Uruguay,URY,Tax revenue (% of GDP),GC.TAX.TOTL.GD.ZS,..
Uruguay,URY,"Unemployment, total (% of total labor force) (modeled ILO estimate)",SL.UEM.TOTL.ZS,8.1540002822876
Uruguay,URY,Net migration,SM.POP.NETM,..
United States,USA,Agricultural land (sq. km),AG.LND.AGRI.K2,..
United States,USA,"Central government debt, total (% of GDP)",GC.DOD.TOTL.GD.ZS,99.7688740972907
United States,USA,Interest payments (% of revenue),GC.XPN.INTP.RV.ZS,13.4015556381636
United States,USA,Tax revenue (% of GDP),GC.TAX.TOTL.GD.ZS,11.2711816943201
United States,USA,"Unemployment, total (% of total labor force) (modeled ILO estimate)",SL.UEM.TOTL.ZS,4.9060001373291
United States,USA,Net migration,SM.POP.NETM,..
Uzbekistan,UZB,Agricultural land (sq. km),AG.LND.AGRI.K2,..
Uzbekistan,UZB,"Central government debt, total (% of GDP)",GC.DOD.TOTL.GD.ZS,..
Uzbekistan,UZB,Interest payments (% of revenue),GC.XPN.INTP.RV.ZS,..
Uzbekistan,UZB,Tax revenue (% of GDP),GC.TAX.TOTL.GD.ZS,..
Uzbekistan,UZB,"Unemployment, total (% of total labor force) (modeled ILO estimate)",SL.UEM.TOTL.ZS,8.89500045776367
Uzbekistan,UZB,Net migration,SM.POP.NETM,..
St. Vincent and the Grenadines,VCT,Agricultural land (sq. km),AG.LND.AGRI.K2,..
St. Vincent and the Grenadines,VCT,"Central government debt, total (% of GDP)",GC.DOD.TOTL.GD.ZS,..
St. Vincent and the Grenadines,VCT,Interest payments (% of revenue),GC.XPN.INTP.RV.ZS,..
St. Vincent and the Grenadines,VCT,Tax revenue (% of GDP),GC.TAX.TOTL.GD.ZS,..
St. Vincent and the Grenadines,VCT,"Unemployment, total (% of total labor force) (modeled ILO estimate)",SL.UEM.TOTL.ZS,19.3110008239746
St. Vincent and the Grenadines,VCT,Net migration,SM.POP.NETM,..
"Venezuela, RB",VEN,Agricultural land (sq. km),AG.LND.AGRI.K2,..
"Venezuela, RB",VEN,"Central government debt, total (% of GDP)",GC.DOD.TOTL.GD.ZS,..
"Venezuela, RB",VEN,Interest payments (% of revenue),GC.XPN.INTP.RV.ZS,..
"Venezuela, RB",VEN,Tax revenue (% of GDP),GC.TAX.TOTL.GD.ZS,..
"Venezuela, RB",VEN,"Unemployment, total (% of total labor force) (modeled ILO estimate)",SL.UEM.TOTL.ZS,6.89900016784668
"Venezuela, RB",VEN,Net migration,SM.POP.NETM,..
British Virgin Islands,VGB,Agricultural land (sq. km),AG.LND.AGRI.K2,..
British Virgin Islands,VGB,"Central government debt, total (% of GDP)",GC.DOD.TOTL.GD.ZS,..
British Virgin Islands,VGB,Interest payments (% of revenue),GC.XPN.INTP.RV.ZS,..
British Virgin Islands,VGB,Tax revenue (% of GDP),GC.TAX.TOTL.GD.ZS,..
British Virgin Islands,VGB,"Unemployment, total (% of total labor force) (modeled ILO estimate)",SL.UEM.TOTL.ZS,..
British Virgin Islands,VGB,Net migration,SM.POP.NETM,..
Virgin Islands (U.S.),VIR,Agricultural land (sq. km),AG.LND.AGRI.K2,..
Virgin Islands (U.S.),VIR,"Central government debt, total (% of GDP)",GC.DOD.TOTL.GD.ZS,..
Virgin Islands (U.S.),VIR,Interest payments (% of revenue),GC.XPN.INTP.RV.ZS,..
Virgin Islands (U.S.),VIR,Tax revenue (% of GDP),GC.TAX.TOTL.GD.ZS,..
Virgin Islands (U.S.),VIR,"Unemployment, total (% of total labor force) (modeled ILO estimate)",SL.UEM.TOTL.ZS,9.10799980163574
Virgin Islands (U.S.),VIR,Net migration,SM.POP.NETM,..
Vietnam,VNM,Agricultural land (sq. km),AG.LND.AGRI.K2,..
Vietnam,VNM,"Central government debt, total (% of GDP)",GC.DOD.TOTL.GD.ZS,..
Vietnam,VNM,Interest payments (% of revenue),GC.XPN.INTP.RV.ZS,..
Vietnam,VNM,Tax revenue (% of GDP),GC.TAX.TOTL.GD.ZS,..
Vietnam,VNM,"Unemployment, total (% of total labor force) (modeled ILO estimate)",SL.UEM.TOTL.ZS,2.17799997329712
Vietnam,VNM,Net migration,SM.POP.NETM,..
Vanuatu,VUT,Agricultural land (sq. km),AG.LND.AGRI.K2,..
Vanuatu,VUT,"Central government debt, total (% of GDP)",GC.DOD.TOTL.GD.ZS,..
Vanuatu,VUT,Interest payments (% of revenue),GC.XPN.INTP.RV.ZS,..
Vanuatu,VUT,Tax revenue (% of GDP),GC.TAX.TOTL.GD.ZS,..
Vanuatu,VUT,"Unemployment, total (% of total labor force) (modeled ILO estimate)",SL.UEM.TOTL.ZS,5.35900020599365
Vanuatu,VUT,Net migration,SM.POP.NETM,..
Samoa,WSM,Agricultural land (sq. km),AG.LND.AGRI.K2,..
Samoa,WSM,"Central government debt, total (% of GDP)",GC.DOD.TOTL.GD.ZS,52.6126830991801
Samoa,WSM,Interest payments (% of revenue),GC.XPN.INTP.RV.ZS,3.09643401723701
Samoa,WSM,Tax revenue (% of GDP),GC.TAX.TOTL.GD.ZS,24.2221329826309
Samoa,WSM,"Unemployment, total (% of total labor force) (modeled ILO estimate)",SL.UEM.TOTL.ZS,7.16200017929077
Samoa,WSM,Net migration,SM.POP.NETM,..
Kosovo,XKX,Agricultural land (sq. km),AG.LND.AGRI.K2,..
Kosovo,XKX,"Central government debt, total (% of GDP)",GC.DOD.TOTL.GD.ZS,..
Kosovo,XKX,Interest payments (% of revenue),GC.XPN.INTP.RV.ZS,..
Kosovo,XKX,Tax revenue (% of GDP),GC.TAX.TOTL.GD.ZS,..
Kosovo,XKX,"Unemployment, total (% of total labor force) (modeled ILO estimate)",SL.UEM.TOTL.ZS,..
Kosovo,XKX,Net migration,SM.POP.NETM,..
"Yemen, Rep.",YEM,Agricultural land (sq. km),AG.LND.AGRI.K2,..
"Yemen, Rep.",YEM,"Central government debt, total (% of GDP)",GC.DOD.TOTL.GD.ZS,..
"Yemen, Rep.",YEM,Interest payments (% of revenue),GC.XPN.INTP.RV.ZS,..
"Yemen, Rep.",YEM,Tax revenue (% of GDP),GC.TAX.TOTL.GD.ZS,..
"Yemen, Rep.",YEM,"Unemployment, total (% of total labor force) (modeled ILO estimate)",SL.UEM.TOTL.ZS,17.056999206543
"Yemen, Rep.",YEM,Net migration,SM.POP.NETM,..
South Africa,ZAF,Agricultural land (sq. km),AG.LND.AGRI.K2,..
South Africa,ZAF,"Central government debt, total (% of GDP)",GC.DOD.TOTL.GD.ZS,..
South Africa,ZAF,Interest payments (% of revenue),GC.XPN.INTP.RV.ZS,..
South Africa,ZAF,Tax revenue (% of GDP),GC.TAX.TOTL.GD.ZS,..
South Africa,ZAF,"Unemployment, total (% of total labor force) (modeled ILO estimate)",SL.UEM.TOTL.ZS,25.9270000457764
South Africa,ZAF,Net migration,SM.POP.NETM,..
Zambia,ZMB,Agricultural land (sq. km),AG.LND.AGRI.K2,..
Zambia,ZMB,"Central government debt, total (% of GDP)",GC.DOD.TOTL.GD.ZS,..
Zambia,ZMB,Interest payments (% of revenue),GC.XPN.INTP.RV.ZS,..
Zambia,ZMB,Tax revenue (% of GDP),GC.TAX.TOTL.GD.ZS,..
Zambia,ZMB,"Unemployment, total (% of total labor force) (modeled ILO estimate)",SL.UEM.TOTL.ZS,7.53000020980835
Zambia,ZMB,Net migration,SM.POP.NETM,..
Zimbabwe,ZWE,Agricultural land (sq. km),AG.LND.AGRI.K2,..
Zimbabwe,ZWE,"Central government debt, total (% of GDP)",GC.DOD.TOTL.GD.ZS,..
Zimbabwe,ZWE,Interest payments (% of revenue),GC.XPN.INTP.RV.ZS,..
Zimbabwe,ZWE,Tax revenue (% of GDP),GC.TAX.TOTL.GD.ZS,..
Zimbabwe,ZWE,"Unemployment, total (% of total labor force) (modeled ILO estimate)",SL.UEM.TOTL.ZS,5.09000015258789
Zimbabwe,ZWE,Net migration,SM.POP.NETM,..
,,,,
,,,,
,,,,
Data from database: World Development Indicators,,,,
Last Updated: 08/02/2017,,,,
